date,wti_cushing,nyh_ulsd,usgc_ulsd
2013-05-01,90.74,2.799,2.744
2013-05-02,93.7,2.875,2.816
2013-05-03,95.25,2.891,2.846
2013-05-06,95.8,2.915,2.875
2013-05-07,,2.934,2.884
2013-05-08,96.24,2.93,2.887
2013-05-09,96.09,2.937,2.903
2013-05-10,95.81,2.904,2.865
2013-05-13,94.76,2.891,2.846
2013-05-14,93.96,2.88,2.837
2013-05-15,93.95,2.876,2.839
2013-05-16,94.85,2.908,2.863
2013-05-17,95.72,2.936,2.879
2013-05-20,96.29,2.95,2.9
2013-05-21,95.55,2.924,2.87
2013-05-22,93.98,2.872,2.822
2013-05-23,94.12,2.86,2.813
2013-05-24,93.84,2.858,2.81
2013-05-28,94.65,2.908,2.868
2013-05-29,93.13,2.868,2.826
2013-05-30,93.57,2.842,2.804
2013-05-31,91.93,2.782,2.74
2013-06-03,93.41,2.843,2.804
2013-06-04,93.36,2.872,2.841
2013-06-05,93.66,2.856,2.826
2013-06-06,94.71,2.872,2.84
2013-06-07,96.11,2.904,2.869
2013-06-10,95.82,2.883,2.848
2013-06-11,95.5,2.856,2.822
2013-06-12,95.98,2.896,2.869
2013-06-13,96.66,2.939,2.909
2013-06-14,97.83,2.966,2.939
2013-06-17,97.86,2.957,2.929
2013-06-18,98.46,2.963,2.958
2013-06-19,98.24,2.965,2.935
2013-06-20,94.89,2.88,2.848
2013-06-21,93.81,2.855,2.823
2013-06-24,95.07,2.857,2.832
2013-06-25,95.25,2.858,2.823
2013-06-26,95.47,2.857,2.822
2013-06-27,97.0,2.885,2.848
2013-06-28,96.36,2.865,2.832
2013-07-01,97.94,2.882,2.849
2013-07-02,99.65,2.904,2.874
2013-07-03,101.92,2.954,2.918
2013-07-05,103.09,2.998,2.963
2013-07-08,103.03,2.977,2.94
2013-07-09,103.46,2.988,2.95
2013-07-10,106.41,3.0,2.96
2013-07-11,104.77,2.998,2.958
2013-07-12,105.85,3.03,2.996
2013-07-15,106.2,3.03,2.995
2013-07-16,105.88,3.045,3.012
2013-07-17,106.39,3.073,3.048
2013-07-18,107.94,3.105,3.077
2013-07-19,108.0,3.091,3.056
2013-07-22,106.61,3.066,3.029
2013-07-23,107.13,3.076,3.035
2013-07-24,105.41,3.042,3.002
2013-07-25,105.47,3.035,2.983
2013-07-26,104.76,3.01,2.97
2013-07-29,104.61,3.024,2.979
2013-07-30,103.14,3.012,2.972
2013-07-31,105.1,3.055,3.025
2013-08-01,107.93,3.091,3.063
2013-08-02,106.94,3.067,3.03
2013-08-05,106.61,3.043,3.011
2013-08-06,105.32,3.005,2.975
2013-08-07,104.41,2.959,2.926
2013-08-08,103.45,2.948,2.915
2013-08-09,106.04,2.985,2.955
2013-08-12,106.19,3.019,2.988
2013-08-13,106.78,3.039,3.009
2013-08-14,106.89,3.042,3.017
2013-08-15,107.43,3.072,3.04
2013-08-16,107.58,3.091,3.064
2013-08-19,107.14,3.065,3.039
2013-08-20,104.9,3.083,3.053
2013-08-21,103.93,3.07,3.056
2013-08-22,104.93,3.065,3.052
2013-08-23,106.48,3.103,3.074
2013-08-26,105.88,3.091,3.067
2013-08-27,109.11,3.165,3.137
2013-08-28,110.17,3.19,3.168
2013-08-29,108.51,3.171,3.14
2013-08-30,107.98,3.135,3.11
2013-09-03,108.67,3.146,3.116
2013-09-04,107.29,3.127,3.097
2013-09-05,108.5,3.133,3.101
2013-09-06,110.62,3.155,3.123
2013-09-09,109.62,3.11,3.071
2013-09-10,107.48,3.069,3.028
2013-09-11,107.65,3.076,3.047
2013-09-12,108.72,3.125,3.092
2013-09-13,108.31,3.112,3.086
2013-09-16,106.54,3.053,3.023
2013-09-17,105.36,2.984,2.95
2013-09-18,108.23,3.036,3.001
2013-09-19,106.26,3.007,2.969
2013-09-20,104.7,3.006,2.972
2013-09-23,103.62,2.948,2.913
2013-09-24,103.22,2.964,2.929
2013-09-25,102.68,2.966,2.931
2013-09-26,103.1,2.995,2.959
2013-09-27,102.86,2.985,2.944
2013-09-30,102.36,2.971,2.93
2013-10-01,102.09,2.956,2.906
2013-10-02,104.15,2.997,2.938
2013-10-03,103.29,3.001,2.942
2013-10-04,103.83,3.009,2.95
2013-10-07,103.07,3.015,2.958
2013-10-08,103.54,3.038,2.979
2013-10-09,101.63,3.021,2.962
2013-10-10,103.08,3.076,3.019
2013-10-11,102.17,3.04,2.98
2013-10-14,102.46,3.035,2.972
2013-10-15,101.15,3.014,2.955
2013-10-16,102.34,3.044,2.979
2013-10-17,100.72,2.992,2.929
2013-10-18,100.87,3.038,2.981
2013-10-21,99.28,3.015,2.96
2013-10-22,97.63,3.0,2.943
2013-10-23,96.9,2.922,2.862
2013-10-24,96.65,2.904,2.837
2013-10-25,97.4,2.919,2.848
2013-10-28,98.74,2.963,2.896
2013-10-29,98.29,2.958,2.901
2013-10-30,96.81,2.981,2.922
2013-10-31,96.29,2.959,2.899
2013-11-01,94.56,2.888,2.831
2013-11-04,94.58,2.874,2.814
2013-11-05,93.4,2.865,2.803
2013-11-06,94.74,2.868,2.79
2013-11-07,94.25,2.847,2.767
2013-11-08,94.56,2.875,2.802
2013-11-11,95.13,2.898,2.817
2013-11-12,93.12,2.861,2.784
2013-11-13,93.91,2.899,2.811
2013-11-14,93.76,2.93,2.845
2013-11-15,93.8,2.947,2.849
2013-11-18,93.03,2.921,2.826
2013-11-19,93.35,2.917,2.822
2013-11-20,93.34,2.957,2.867
2013-11-21,95.35,3.01,2.929
2013-11-22,94.53,3.036,2.961
2013-11-25,93.86,3.032,2.957
2013-11-26,93.41,3.049,2.966
2013-11-27,92.05,3.053,2.96
2013-11-29,92.55,3.034,2.941
2013-12-02,93.61,3.05,2.961
2013-12-03,95.83,3.06,2.97
2013-12-04,96.97,3.05,2.968
2013-12-05,97.14,3.049,2.967
2013-12-06,97.48,3.053,2.971
2013-12-09,97.1,3.011,2.921
2013-12-10,,3.027,2.935
2013-12-11,97.25,3.02,2.935
2013-12-12,97.21,2.978,2.893
2013-12-13,96.27,2.974,2.888
2013-12-16,97.18,2.986,2.906
2013-12-17,96.99,2.96,2.886
2013-12-18,97.59,3.007,2.91
2013-12-19,98.4,3.033,2.938
2013-12-20,99.11,3.083,2.983
2013-12-23,98.62,3.074,2.973
2013-12-24,98.87,3.096,2.995
2013-12-26,99.18,3.113,3.012
2013-12-27,99.94,3.142,3.039
2013-12-30,98.9,3.09,2.975
2013-12-31,98.17,3.087,2.997
2014-01-02,95.14,3.013,2.918
2014-01-03,93.66,2.972,2.875
2014-01-06,93.12,2.977,2.879
2014-01-07,93.31,2.991,2.907
2014-01-08,91.9,2.983,2.895
2014-01-09,91.36,2.953,2.868
2014-01-10,92.39,2.977,2.884
2014-01-13,91.45,2.957,2.925
2014-01-14,92.15,2.976,2.934
2014-01-15,93.78,3.048,2.908
2014-01-16,93.54,3.064,2.904
2014-01-17,93.96,3.124,2.934
2014-01-20,,,
2014-01-21,94.51,3.141,2.884
2014-01-22,96.35,3.161,2.896
2014-01-23,97.23,3.195,2.961
2014-01-24,96.66,3.4,2.95
2014-01-27,95.82,3.374,2.904
2014-01-28,97.49,3.324,2.927
2014-01-29,97.34,3.248,2.953
2014-01-30,98.25,3.302,2.955
2014-01-31,97.55,3.272,2.917
2014-02-03,96.44,3.35,2.908
2014-02-04,97.24,3.386,2.894
2014-02-05,97.4,3.379,2.892
2014-02-06,97.84,3.394,2.906
2014-02-07,99.98,3.437,2.975
2014-02-10,100.12,3.161,2.926
2014-02-11,99.96,3.168,2.975
2014-02-12,100.38,3.093,2.95
2014-02-13,100.27,3.122,2.982
2014-02-14,100.31,3.159,3.017
2014-02-18,102.54,3.185,3.019
2014-02-19,103.46,3.237,3.062
2014-02-20,103.2,3.254,3.079
2014-02-21,102.53,3.175,2.965
2014-02-24,103.17,3.166,2.954
2014-02-25,102.2,3.177,3.025
2014-02-26,102.93,3.202,2.986
2014-02-27,102.68,3.158,2.962
2014-02-28,102.88,3.118,3.006
2014-03-03,105.34,3.17,3.062
2014-03-04,103.64,3.131,3.018
2014-03-05,101.75,3.082,2.973
2014-03-06,101.82,3.089,2.984
2014-03-07,102.82,3.096,2.979
2014-03-10,101.39,3.051,2.926
2014-03-11,100.29,3.022,2.92
2014-03-12,98.29,2.992,2.883
2014-03-13,98.57,2.976,2.883
2014-03-14,99.23,2.992,2.899
2014-03-17,98.43,2.938,2.851
2014-03-18,100.08,2.926,2.869
2014-03-19,100.71,2.914,2.862
2014-03-20,99.68,2.929,2.879
2014-03-21,99.97,2.932,2.889
2014-03-24,100.05,2.913,2.875
2014-03-25,99.66,2.929,2.882
2014-03-26,100.61,2.926,2.879
2014-03-27,101.25,2.952,2.915
2014-03-28,101.73,2.956,2.921
2014-03-31,101.57,2.936,2.903
2014-04-01,99.69,2.886,2.856
2014-04-02,99.6,2.874,2.839
2014-04-03,100.29,2.912,2.882
2014-04-04,101.16,2.917,2.885
2014-04-07,100.43,2.886,2.869
2014-04-08,102.57,2.937,2.904
2014-04-09,103.55,2.958,2.928
2014-04-10,103.37,2.944,2.911
2014-04-11,103.68,2.935,2.902
2014-04-14,104.05,2.981,2.952
2014-04-15,103.7,2.99,2.964
2014-04-16,103.71,3.016,2.989
2014-04-17,104.33,3.016,2.996
2014-04-21,104.35,3.018,3.009
2014-04-22,101.69,3.009,2.994
2014-04-23,101.47,2.982,2.969
2014-04-24,102.2,3.015,2.99
2014-04-25,100.85,2.985,2.959
2014-04-28,101.13,2.955,2.928
2014-04-29,101.56,2.972,2.941
2014-04-30,100.07,2.94,2.91
2014-05-01,99.69,2.924,2.897
2014-05-02,100.09,2.934,2.902
2014-05-05,99.74,2.913,2.885
2014-05-06,99.81,2.899,2.871
2014-05-07,101.06,2.935,2.908
2014-05-08,100.52,2.927,2.899
2014-05-09,100.32,2.92,2.887
2014-05-12,100.89,2.929,2.898
2014-05-13,102.01,2.958,2.923
2014-05-14,102.63,2.974,2.929
2014-05-15,101.74,2.952,2.921
2014-05-16,102.31,2.956,2.924
2014-05-19,102.95,2.941,2.909
2014-05-20,102.8,2.949,2.914
2014-05-21,104.31,2.951,2.92
2014-05-22,104.03,2.954,2.919
2014-05-23,105.01,2.959,2.926
2014-05-26,,,
2014-05-27,104.78,2.942,2.913
2014-05-28,103.37,2.937,2.898
2014-05-29,104.26,2.924,2.891
2014-05-30,103.4,2.889,2.859
2014-06-02,103.07,2.879,2.845
2014-06-03,103.34,2.867,2.833
2014-06-04,103.27,2.854,2.819
2014-06-05,103.17,2.879,2.847
2014-06-06,103.32,2.872,2.842
2014-06-09,105.09,2.886,2.853
2014-06-10,105.02,2.883,2.848
2014-06-11,105.04,2.898,2.853
2014-06-12,107.2,2.985,2.945
2014-06-13,107.49,2.983,2.938
2014-06-16,107.52,2.995,2.947
2014-06-17,106.95,3.011,2.956
2014-06-18,106.64,3.039,2.986
2014-06-19,107.08,3.044,3.006
2014-06-20,107.95,3.05,3.01
2014-06-23,106.83,3.031,2.986
2014-06-24,106.64,3.04,2.995
2014-06-25,107.04,3.031,3.005
2014-06-26,106.49,3.015,2.969
2014-06-27,106.46,2.995,2.947
2014-06-30,106.07,2.964,2.917
2014-07-01,106.06,2.966,2.913
2014-07-02,105.18,2.931,2.883
2014-07-03,104.76,2.917,2.875
2014-07-07,104.19,2.892,2.854
2014-07-08,104.06,2.862,2.827
2014-07-09,102.93,2.86,2.824
2014-07-10,103.61,2.884,2.857
2014-07-11,101.48,2.851,2.823
2014-07-14,101.73,2.867,2.829
2014-07-15,100.56,2.849,2.804
2014-07-16,101.88,2.853,2.813
2014-07-17,103.84,2.86,2.82
2014-07-18,103.83,2.847,2.81
2014-07-21,105.34,2.856,2.821
2014-07-22,104.59,2.848,2.814
2014-07-23,103.81,2.875,2.84
2014-07-24,102.76,2.871,2.834
2014-07-25,105.23,2.912,2.879
2014-07-28,105.68,2.885,2.848
2014-07-29,104.91,2.898,2.869
2014-07-30,104.29,2.876,2.845
2014-07-31,98.23,2.879,2.851
2014-08-01,97.86,2.856,2.826
2014-08-04,98.26,2.868,2.833
2014-08-05,97.34,2.844,2.812
2014-08-06,96.93,2.875,2.845
2014-08-07,97.34,2.903,2.876
2014-08-08,97.61,2.875,2.846
2014-08-11,98.09,2.883,2.853
2014-08-12,97.36,2.845,2.815
2014-08-13,97.57,2.898,2.868
2014-08-14,95.54,2.825,2.793
2014-08-15,97.3,2.841,2.803
2014-08-18,96.44,2.81,2.775
2014-08-19,94.35,2.816,2.784
2014-08-20,96.4,2.82,2.794
2014-08-21,93.97,2.833,2.81
2014-08-22,93.61,2.828,2.806
2014-08-25,95.39,2.836,2.811
2014-08-26,95.78,2.842,2.817
2014-08-27,95.82,2.859,2.834
2014-08-28,96.44,2.844,2.816
2014-08-29,97.86,2.852,2.825
2014-09-02,92.92,2.794,2.774
2014-09-03,95.5,2.852,2.827
2014-09-04,94.51,2.835,2.805
2014-09-05,93.32,2.82,2.787
2014-09-08,92.64,2.807,2.777
2014-09-09,92.73,2.788,2.753
2014-09-10,91.71,2.753,2.721
2014-09-11,92.89,2.75,2.717
2014-09-12,92.18,2.734,2.701
2014-09-15,92.86,2.734,2.699
2014-09-16,94.91,2.744,2.714
2014-09-17,94.33,2.731,2.701
2014-09-18,93.07,2.705,2.672
2014-09-19,92.43,2.707,2.677
2014-09-22,91.46,2.684,2.649
2014-09-23,91.55,2.679,2.642
2014-09-24,93.6,2.689,2.656
2014-09-25,93.59,2.695,2.66
2014-09-26,95.55,2.698,2.668
2014-09-29,94.53,2.698,2.67
2014-09-30,91.17,2.645,2.622
2014-10-01,90.74,2.666,2.631
2014-10-02,91.02,2.65,2.647
2014-10-03,89.76,2.61,2.593
2014-10-06,90.33,2.623,2.598
2014-10-07,88.89,2.603,2.575
2014-10-08,87.29,2.58,2.553
2014-10-09,85.76,2.519,2.492
2014-10-10,85.87,2.559,2.532
2014-10-13,85.73,2.542,2.513
2014-10-14,,2.478,2.454
2014-10-15,81.82,2.46,2.44
2014-10-16,82.33,2.472,2.448
2014-10-17,82.8,2.507,2.479
2014-10-20,82.76,2.488,2.468
2014-10-21,83.25,2.522,2.507
2014-10-22,80.52,2.471,2.431
2014-10-23,82.81,2.499,2.446
2014-10-24,81.27,2.487,2.425
2014-10-27,,2.468,2.411
2014-10-28,81.36,2.484,2.435
2014-10-29,82.25,2.528,2.47
2014-10-30,81.06,2.509,2.477
2014-10-31,80.53,2.526,2.482
2014-11-03,78.77,2.484,2.454
2014-11-04,77.15,2.45,2.413
2014-11-05,78.71,2.453,2.395
2014-11-06,77.87,2.469,2.416
2014-11-07,78.71,2.508,2.446
2014-11-10,77.43,2.482,2.408
2014-11-11,77.85,2.478,2.405
2014-11-12,77.16,2.454,2.359
2014-11-13,74.13,2.382,2.277
2014-11-14,75.91,2.472,2.334
2014-11-17,75.64,2.443,2.293
2014-11-18,74.55,2.413,2.263
2014-11-19,74.55,2.391,2.244
2014-11-20,75.63,2.412,2.252
2014-11-21,76.52,2.437,2.277
2014-11-24,75.74,2.415,2.265
2014-11-25,74.04,2.426,2.223
2014-11-26,73.7,2.4,2.206
2014-11-28,65.94,2.211,2.036
2014-12-01,68.98,2.272,2.097
2014-12-02,66.99,2.207,2.015
2014-12-03,,2.155,1.985
2014-12-04,66.73,2.129,1.957
2014-12-05,65.89,2.124,1.941
2014-12-08,63.13,2.073,1.902
2014-12-09,63.74,2.121,1.911
2014-12-10,60.99,2.09,1.877
2014-12-11,60.01,2.112,1.824
2014-12-12,57.81,2.08,1.78
2014-12-15,55.96,2.037,1.687
2014-12-16,55.97,2.01,1.68
2014-12-17,56.43,2.044,1.714
2014-12-18,54.18,1.974,1.689
2014-12-19,56.91,1.994,1.719
2014-12-22,55.25,1.953,1.658
2014-12-23,56.78,1.994,1.699
2014-12-24,,1.927,1.654
2014-12-26,54.59,1.917,1.645
2014-12-29,53.46,1.858,1.6
2014-12-30,54.14,1.861,1.581
2014-12-31,53.45,1.822,1.644
2015-01-02,52.72,1.805,1.589
2015-01-05,50.05,1.768,1.538
2015-01-06,47.98,1.722,1.535
2015-01-07,48.69,1.711,1.549
2015-01-08,,1.721,1.559
2015-01-09,48.35,1.723,1.536
2015-01-12,46.06,1.677,1.485
2015-01-13,45.92,1.647,1.444
2015-01-14,48.49,1.665,1.473
2015-01-15,46.37,1.624,1.486
2015-01-16,48.49,1.665,1.532
2015-01-20,46.79,1.638,1.503
2015-01-21,47.85,1.639,1.514
2015-01-22,,1.644,1.519
2015-01-23,45.26,1.645,1.558
2015-01-26,,1.642,1.552
2015-01-27,,1.654,1.559
2015-01-28,,1.63,1.535
2015-01-29,,1.624,1.529
2015-01-30,47.79,1.718,1.628
2015-02-02,,1.782,1.697
2015-02-03,53.04,1.846,1.764
2015-02-04,,1.79,1.708
2015-02-05,50.48,1.82,1.74
2015-02-06,51.66,1.853,1.782
2015-02-09,52.99,1.89,1.814
2015-02-10,50.06,1.857,1.79
2015-02-11,48.8,1.84,1.768
2015-02-12,51.17,1.95,1.86
2015-02-13,52.66,2.005,1.895
2015-02-16,,,
2015-02-17,53.56,2.003,1.875
2015-02-18,52.13,1.992,1.857
2015-02-19,51.12,2.057,1.861
2015-02-20,49.95,2.191,1.951
2015-02-23,49.56,2.306,1.914
2015-02-24,48.48,2.111,1.633
2015-02-25,50.25,2.124,1.914
2015-02-26,47.65,2.194,1.971
2015-02-27,49.84,2.223,1.861
2015-03-02,49.59,2.276,1.829
2015-03-03,50.43,2.289,1.87
2015-03-04,51.53,2.091,1.816
2015-03-05,50.76,1.952,1.829
2015-03-06,49.61,1.936,1.813
2015-03-09,49.95,1.899,1.772
2015-03-10,48.42,1.882,1.755
2015-03-11,48.06,1.91,1.76
2015-03-12,47.12,1.861,1.711
2015-03-13,44.88,1.771,1.641
2015-03-16,43.93,1.779,1.636
2015-03-17,43.39,1.711,1.628
2015-03-18,44.63,1.814,1.709
2015-03-19,44.02,1.738,1.643
2015-03-20,46.0,1.766,1.646
2015-03-23,47.4,1.751,1.646
2015-03-24,47.03,1.714,1.631
2015-03-25,48.75,1.724,1.644
2015-03-26,51.41,1.796,1.713
2015-03-27,48.83,1.735,1.658
2015-03-30,48.66,1.736,1.669
2015-03-31,47.72,1.71,1.625
2015-04-01,50.12,1.741,1.656
2015-04-02,49.13,1.689,1.619
2015-04-06,52.08,1.763,1.682
2015-04-07,53.95,1.79,1.699
2015-04-08,50.44,1.708,1.631
2015-04-09,50.79,1.728,1.665
2015-04-10,51.63,1.769,1.709
2015-04-13,51.95,1.79,1.725
2015-04-14,53.3,1.809,1.746
2015-04-15,56.25,1.878,1.817
2015-04-16,56.69,1.912,1.844
2015-04-17,55.71,1.893,1.833
2015-04-20,56.37,1.881,1.818
2015-04-21,55.58,1.857,1.791
2015-04-22,56.17,1.876,1.81
2015-04-23,56.59,1.926,1.859
2015-04-24,55.98,1.932,1.864
2015-04-27,55.56,1.922,1.859
2015-04-28,57.05,1.92,1.861
2015-04-29,58.55,1.944,1.881
2015-04-30,59.62,1.977,1.92
2015-05-01,59.1,1.984,1.933
2015-05-04,58.92,1.983,1.937
2015-05-05,60.38,2.017,1.977
2015-05-06,60.93,2.013,1.974
2015-05-07,58.99,1.964,1.923
2015-05-08,59.41,1.96,1.917
2015-05-11,59.23,1.947,1.902
2015-05-12,60.72,1.996,1.948
2015-05-13,60.5,2.0,1.951
2015-05-14,59.89,2.008,1.958
2015-05-15,59.73,2.01,1.959
2015-05-18,59.44,1.994,1.946
2015-05-19,57.3,1.937,1.887
2015-05-20,58.96,1.943,1.891
2015-05-21,60.18,1.988,1.935
2015-05-22,58.88,1.957,1.906
2015-05-26,57.29,1.905,1.854
2015-05-27,57.51,1.864,1.814
2015-05-28,57.69,1.881,1.828
2015-05-29,60.25,1.949,1.902
2015-06-01,60.24,1.929,1.88
2015-06-02,61.3,1.95,1.891
2015-06-03,59.67,1.894,1.834
2015-06-04,58.0,1.846,1.786
2015-06-05,59.11,1.866,1.794
2015-06-08,58.15,1.855,1.742
2015-06-09,60.15,1.91,1.827
2015-06-10,61.36,1.941,1.851
2015-06-11,60.74,1.917,1.832
2015-06-12,59.96,1.888,1.803
2015-06-15,59.53,1.869,1.781
2015-06-16,60.01,1.882,1.789
2015-06-17,59.89,1.903,1.798
2015-06-18,60.41,1.915,1.825
2015-06-19,59.62,1.863,1.77
2015-06-22,60.01,1.869,1.749
2015-06-23,61.05,1.916,1.796
2015-06-24,60.01,1.883,1.793
2015-06-25,59.59,1.862,1.775
2015-06-26,59.41,1.861,1.771
2015-06-29,58.34,1.838,1.743
2015-06-30,59.48,1.879,1.804
2015-07-01,56.94,1.838,1.763
2015-07-02,56.93,1.827,1.77
2015-07-03,,,
2015-07-06,52.48,1.708,1.663
2015-07-07,52.33,1.711,1.664
2015-07-08,51.61,1.706,1.654
2015-07-09,52.76,1.722,1.677
2015-07-10,52.74,1.725,1.675
2015-07-13,52.19,1.708,1.648
2015-07-14,53.05,1.712,1.642
2015-07-15,51.4,1.665,1.608
2015-07-16,50.9,1.66,1.602
2015-07-17,50.88,1.654,1.594
2015-07-20,50.11,1.649,1.591
2015-07-21,50.59,1.676,1.618
2015-07-22,49.27,1.668,1.605
2015-07-23,48.11,1.663,1.603
2015-07-24,47.98,1.631,1.573
2015-07-27,47.17,1.584,1.519
2015-07-28,47.97,1.6,1.538
2015-07-29,48.77,1.601,1.531
2015-07-30,48.53,1.6,1.528
2015-07-31,47.11,1.586,1.513
2015-08-03,45.25,1.518,1.468
2015-08-04,45.75,1.538,1.493
2015-08-05,45.13,1.532,1.48
2015-08-06,44.69,1.543,1.491
2015-08-07,43.87,1.529,1.472
2015-08-10,44.94,1.576,1.516
2015-08-11,43.11,1.558,1.5
2015-08-12,43.22,1.584,1.529
2015-08-13,42.27,1.562,1.514
2015-08-14,42.45,1.536,1.49
2015-08-17,41.93,1.541,1.491
2015-08-18,42.58,1.54,1.482
2015-08-19,40.75,1.5,1.443
2015-08-20,41.0,1.477,1.41
2015-08-21,40.45,1.452,1.402
2015-08-24,38.22,1.383,1.333
2015-08-25,39.15,1.373,1.323
2015-08-26,38.5,1.377,1.327
2015-08-27,42.47,1.488,1.443
2015-08-28,45.29,1.554,1.517
2015-08-31,49.2,1.669,1.595
2015-09-01,45.38,1.55,1.495
2015-09-02,46.3,1.578,1.531
2015-09-03,46.75,1.595,1.527
2015-09-04,46.02,1.565,1.505
2015-09-07,,,
2015-09-08,45.92,1.562,1.499
2015-09-09,44.13,1.514,1.458
2015-09-10,45.85,1.539,1.472
2015-09-11,44.75,1.51,1.452
2015-09-14,44.07,1.477,1.411
2015-09-15,44.58,1.478,1.398
2015-09-16,47.12,1.52,1.435
2015-09-17,46.93,1.502,1.42
2015-09-18,44.71,1.465,1.382
2015-09-21,46.67,1.475,1.38
2015-09-22,46.17,1.499,1.404
2015-09-23,44.53,1.481,1.394
2015-09-24,44.94,1.51,1.437
2015-09-25,45.55,1.495,1.423
2015-09-28,44.4,1.466,1.388
2015-09-29,45.24,1.487,1.41
2015-09-30,45.06,1.509,1.445
2015-10-01,44.75,1.488,1.44
2015-10-02,45.54,1.482,1.44
2015-10-05,46.28,1.512,1.474
2015-10-06,48.53,1.573,1.531
2015-10-07,47.86,1.546,1.494
2015-10-08,49.46,1.566,1.51
2015-10-09,49.67,1.545,1.485
2015-10-12,47.09,1.472,1.412
2015-10-13,46.7,1.432,1.379
2015-10-14,46.63,1.434,1.381
2015-10-15,46.38,1.456,1.406
2015-10-16,47.3,1.453,1.411
2015-10-19,45.91,1.41,1.365
2015-10-20,45.84,1.418,1.366
2015-10-21,45.22,1.421,1.366
2015-10-22,44.9,1.465,1.398
2015-10-23,43.91,1.444,1.381
2015-10-26,43.19,1.416,1.348
2015-10-27,43.21,1.407,1.345
2015-10-28,45.93,1.482,1.417
2015-10-29,46.02,1.466,1.409
2015-10-30,46.6,1.488,1.436
2015-11-02,46.12,1.505,1.427
2015-11-03,47.88,1.562,1.487
2015-11-04,46.32,1.5,1.482
2015-11-05,45.27,1.48,1.43
2015-11-06,44.32,1.494,1.434
2015-11-09,43.87,1.468,1.421
2015-11-10,44.23,1.472,1.427
2015-11-11,42.95,1.44,1.395
2015-11-12,41.74,1.393,1.341
2015-11-13,40.69,1.369,1.312
2015-11-16,41.68,1.378,1.298
2015-11-17,40.73,1.355,1.277
2015-11-18,40.75,1.365,1.282
2015-11-19,40.55,1.351,1.276
2015-11-20,39.39,1.343,1.273
2015-11-23,39.27,1.359,1.294
2015-11-24,40.89,1.384,1.319
2015-11-25,41.22,1.383,1.328
2015-11-26,,,
2015-11-27,40.57,1.338,1.283
2015-11-30,40.43,1.345,1.262
2015-12-01,40.58,1.351,1.264
2015-12-02,39.93,1.268,1.2
2015-12-03,41.08,1.306,1.246
2015-12-04,40.0,1.301,1.234
2015-12-07,37.64,1.24,1.168
2015-12-08,37.46,1.224,1.154
2015-12-09,37.16,1.208,1.153
2015-12-10,36.76,1.178,1.123
2015-12-11,35.65,1.105,1.032
2015-12-14,36.31,1.084,0.981
2015-12-15,37.32,1.106,0.998
2015-12-16,35.55,1.08,0.99
2015-12-17,34.98,1.062,0.997
2015-12-18,34.72,1.068,1.0
2015-12-21,34.55,1.053,1.031
2015-12-22,36.12,1.049,1.033
2015-12-23,36.76,1.095,1.082
2015-12-24,37.62,1.079,1.062
2015-12-28,36.36,1.063,1.041
2015-12-29,37.88,1.104,1.082
2015-12-30,36.59,1.041,1.049
2015-12-31,37.13,1.042,1.056
2016-01-04,36.81,1.089,1.066
2016-01-05,35.97,1.085,1.067
2016-01-06,33.97,1.044,1.027
2016-01-07,33.29,1.049,1.012
2016-01-08,33.2,1.011,0.984
2016-01-11,31.42,0.975,0.955
2016-01-12,30.42,0.962,0.942
2016-01-13,30.42,0.927,0.92
2016-01-14,31.22,0.932,0.939
2016-01-15,29.45,0.906,0.896
2016-01-18,,,
2016-01-19,28.47,0.883,0.863
2016-01-20,26.68,0.862,0.827
2016-01-21,29.55,0.891,0.86
2016-01-22,32.07,0.995,0.954
2016-01-25,30.31,0.923,0.895
2016-01-26,29.54,0.96,0.934
2016-01-27,32.32,1.018,0.985
2016-01-28,33.21,1.048,1.012
2016-01-29,33.66,1.062,1.025
2016-02-01,31.62,1.037,0.994
2016-02-02,29.9,0.996,0.971
2016-02-03,32.29,1.077,1.057
2016-02-04,31.63,1.074,1.049
2016-02-05,30.86,1.059,1.024
2016-02-08,29.71,1.043,1.01
2016-02-09,27.96,0.978,0.944
2016-02-10,27.54,0.97,0.935
2016-02-11,26.19,0.987,0.955
2016-02-12,29.32,1.043,1.017
2016-02-16,29.05,1.027,0.977
2016-02-17,30.68,1.074,1.03
2016-02-18,30.77,1.066,1.026
2016-02-19,29.59,1.022,0.982
2016-02-22,31.37,1.044,1.004
2016-02-23,31.84,1.012,0.957
2016-02-24,30.35,1.034,0.989
2016-02-25,31.4,1.051,1.001
2016-02-26,31.65,1.045,0.992
2016-02-29,32.74,1.07,1.046
2016-03-01,34.39,1.084,1.039
2016-03-02,34.57,1.093,1.058
2016-03-03,34.56,1.11,1.072
2016-03-04,35.91,1.155,1.1
2016-03-07,37.9,1.211,1.151
2016-03-08,36.67,1.187,1.152
2016-03-09,37.62,1.219,1.186
2016-03-10,37.77,1.22,1.175
2016-03-11,38.51,1.219,1.169
2016-03-14,37.2,1.198,1.146
2016-03-15,36.32,1.181,1.106
2016-03-16,38.43,1.228,1.175
2016-03-17,40.17,1.248,1.196
2016-03-18,39.47,1.25,1.173
2016-03-21,39.91,1.241,1.163
2016-03-22,41.45,1.25,1.19
2016-03-23,38.28,1.205,1.135
2016-03-24,38.14,1.199,1.119
2016-03-28,37.99,1.181,1.089
2016-03-29,36.91,1.162,1.047
2016-03-30,36.91,1.162,1.07
2016-03-31,36.94,1.176,1.1
2016-04-01,35.36,1.134,1.063
2016-04-04,34.3,1.074,1.019
2016-04-05,34.52,1.063,1.001
2016-04-06,37.74,1.127,1.07
2016-04-07,37.3,1.103,1.061
2016-04-08,39.74,1.186,1.138
2016-04-11,40.46,1.207,1.165
2016-04-12,42.12,1.275,1.22
2016-04-13,41.7,1.261,1.211
2016-04-14,41.45,1.256,1.203
2016-04-15,40.4,1.237,1.195
2016-04-18,39.74,1.246,1.201
2016-04-19,40.88,1.267,1.222
2016-04-20,42.72,1.331,1.287
2016-04-21,43.18,1.312,1.267
2016-04-22,42.76,1.314,1.269
2016-04-25,41.67,1.305,1.258
2016-04-26,42.52,1.337,1.29
2016-04-27,45.29,1.381,1.336
2016-04-28,46.03,1.395,1.357
2016-04-29,45.98,1.385,1.34
2016-05-02,44.75,1.356,1.308
2016-05-03,43.65,1.336,1.293
2016-05-04,43.77,1.337,1.29
2016-05-05,44.33,1.33,1.285
2016-05-06,44.58,1.334,1.289
2016-05-09,43.45,1.28,1.235
2016-05-10,44.68,1.34,1.279
2016-05-11,46.21,1.393,1.346
2016-05-12,46.64,1.391,1.345
2016-05-13,46.22,1.402,1.355
2016-05-16,47.72,1.441,1.396
2016-05-17,48.29,1.472,1.429
2016-05-18,48.12,1.477,1.434
2016-05-19,48.16,1.47,1.43
2016-05-20,47.67,1.49,1.45
2016-05-23,48.12,1.475,1.436
2016-05-24,48.04,1.5,1.452
2016-05-25,49.1,1.511,1.47
2016-05-26,49.0,1.494,1.453
2016-05-27,49.36,1.492,1.45
2016-05-31,49.1,1.485,1.444
2016-06-01,49.07,1.503,1.457
2016-06-02,49.14,1.488,1.457
2016-06-03,48.69,1.482,1.443
2016-06-06,49.71,1.49,1.46
2016-06-07,50.37,1.535,1.498
2016-06-08,51.23,1.571,1.534
2016-06-09,50.52,1.546,1.51
2016-06-10,49.09,1.512,1.474
2016-06-13,48.89,1.503,1.466
2016-06-14,48.49,1.497,1.457
2016-06-15,47.92,1.467,1.427
2016-06-16,46.14,1.419,1.382
2016-06-17,48.0,1.481,1.446
2016-06-20,49.4,1.515,1.479
2016-06-21,48.95,1.502,1.473
2016-06-22,49.16,1.487,1.453
2016-06-23,49.34,1.517,1.479
2016-06-24,46.7,1.456,1.42
2016-06-27,45.8,1.418,1.401
2016-06-28,47.93,1.451,1.438
2016-06-29,49.85,1.513,1.501
2016-06-30,48.27,1.456,1.456
2016-07-01,49.02,1.496,1.476
2016-07-04,,,
2016-07-05,46.73,1.431,1.411
2016-07-06,47.37,1.459,1.431
2016-07-07,45.22,1.397,1.369
2016-07-08,45.37,1.375,1.372
2016-07-11,44.73,1.373,1.372
2016-07-12,46.82,1.438,1.413
2016-07-13,44.87,1.438,1.342
2016-07-14,45.64,1.382,1.346
2016-07-15,45.93,1.376,1.338
2016-07-18,45.23,1.357,1.322
2016-07-19,44.64,1.36,1.325
2016-07-20,44.96,1.37,1.348
2016-07-21,43.96,1.337,1.31
2016-07-22,43.41,1.331,1.303
2016-07-25,42.4,1.282,1.27
2016-07-26,42.16,1.282,1.269
2016-07-27,41.9,1.278,1.251
2016-07-28,41.13,1.258,1.227
2016-07-29,41.54,1.262,1.237
2016-08-01,40.05,1.25,1.2
2016-08-02,39.5,1.226,1.201
2016-08-03,40.8,1.261,1.234
2016-08-04,41.92,1.305,1.275
2016-08-05,41.83,1.306,1.274
2016-08-08,43.06,1.325,1.293
2016-08-09,42.78,1.317,1.279
2016-08-10,41.75,1.295,1.267
2016-08-11,43.51,1.357,1.341
2016-08-12,44.47,1.39,1.374
2016-08-15,45.72,1.44,1.411
2016-08-16,46.57,1.452,1.425
2016-08-17,46.81,1.479,1.461
2016-08-18,48.2,1.514,1.496
2016-08-19,48.48,1.502,1.487
2016-08-22,46.8,1.472,1.459
2016-08-23,47.54,1.48,1.478
2016-08-24,46.29,1.473,1.47
2016-08-25,46.97,1.502,1.494
2016-08-26,47.64,1.487,1.478
2016-08-29,46.97,1.48,1.465
2016-08-30,46.32,1.464,1.462
2016-08-31,44.68,1.398,1.402
2016-09-01,43.17,1.377,1.346
2016-09-02,44.39,1.39,1.365
2016-09-05,,,
2016-09-06,44.85,1.395,1.378
2016-09-07,45.47,1.41,1.394
2016-09-08,47.63,1.455,1.44
2016-09-09,45.88,1.414,1.429
2016-09-12,46.28,1.417,1.402
2016-09-13,44.91,1.409,1.383
2016-09-14,43.62,1.372,1.346
2016-09-15,43.85,1.394,1.384
2016-09-16,43.04,1.393,1.373
2016-09-19,43.34,1.394,1.351
2016-09-20,43.85,1.396,1.353
2016-09-21,45.33,1.427,1.397
2016-09-22,46.1,1.437,1.417
2016-09-23,44.36,1.399,1.384
2016-09-26,45.6,1.427,1.418
2016-09-27,44.65,1.398,1.381
2016-09-28,47.07,1.476,1.454
2016-09-29,47.72,1.502,1.522
2016-09-30,47.72,1.523,1.515
2016-10-03,48.8,1.545,1.538
2016-10-04,48.67,1.547,1.552
2016-10-05,49.75,1.57,1.575
2016-10-06,50.44,1.6,1.577
2016-10-07,49.76,1.572,1.553
2016-10-10,49.76,1.572,1.553
2016-10-11,50.72,1.581,1.565
2016-10-12,50.14,1.56,1.543
2016-10-13,50.47,1.563,1.553
2016-10-14,50.35,1.555,1.545
2016-10-17,49.97,1.545,1.532
2016-10-18,50.3,1.559,1.544
2016-10-19,51.59,1.576,1.557
2016-10-20,50.31,1.551,1.533
2016-10-21,50.61,1.566,1.55
2016-10-24,50.18,1.574,1.56
2016-10-25,49.45,1.565,1.54
2016-10-26,48.75,1.554,1.532
2016-10-27,49.71,1.563,1.544
2016-10-28,48.72,1.543,1.518
2016-10-31,46.83,1.484,1.464
2016-11-01,46.66,1.512,1.475
2016-11-02,45.32,1.472,1.414
2016-11-03,44.66,1.451,1.414
2016-11-04,44.07,1.426,1.381
2016-11-07,44.88,1.438,1.395
2016-11-08,44.96,1.428,1.385
2016-11-09,45.2,1.436,1.404
2016-11-10,44.62,1.416,1.385
2016-11-11,43.39,1.388,1.353
2016-11-14,43.29,1.379,1.344
2016-11-15,45.86,1.437,1.417
2016-11-16,45.56,1.421,1.401
2016-11-17,45.37,1.431,1.406
2016-11-18,45.69,1.449,1.415
2016-11-21,47.48,1.523,1.484
2016-11-22,48.07,1.527,1.482
2016-11-23,46.72,1.51,1.475
2016-11-24,,,
2016-11-25,46.72,1.51,1.475
2016-11-28,45.66,1.501,1.466
2016-11-29,45.29,1.463,1.425
2016-11-30,49.41,1.556,1.518
2016-12-01,51.08,1.636,1.579
2016-12-02,51.7,1.65,1.592
2016-12-05,51.72,1.628,1.568
2016-12-06,50.95,1.604,1.544
2016-12-07,49.85,1.588,1.526
2016-12-08,50.84,1.596,1.538
2016-12-09,51.51,1.609,1.541
2016-12-12,52.74,1.646,1.572
2016-12-13,52.99,1.64,1.575
2016-12-14,51.01,1.614,1.579
2016-12-15,50.9,1.618,1.58
2016-12-16,51.93,1.65,1.618
2016-12-19,52.13,1.637,1.611
2016-12-20,52.22,1.643,1.619
2016-12-21,51.44,1.618,1.59
2016-12-22,51.98,1.643,1.606
2016-12-23,52.01,1.659,1.632
2016-12-27,52.82,1.691,1.646
2016-12-28,54.01,1.694,1.643
2016-12-29,53.8,1.7,1.655
2016-12-30,53.75,1.707,1.662
2017-01-03,52.36,1.661,1.618
2017-01-04,53.26,1.666,1.624
2017-01-05,53.77,1.674,1.631
2017-01-06,53.98,1.675,1.632
2017-01-09,51.95,1.613,1.573
2017-01-10,50.82,1.585,1.548
2017-01-11,52.19,1.631,1.594
2017-01-12,53.01,1.651,1.619
2017-01-13,52.36,1.634,1.594
2017-01-16,,,
2017-01-17,52.45,1.629,1.588
2017-01-18,51.12,1.594,1.554
2017-01-19,51.39,1.588,1.556
2017-01-20,52.33,1.613,1.571
2017-01-23,52.77,1.596,1.576
2017-01-24,52.38,1.605,1.579
2017-01-25,52.14,1.583,1.573
2017-01-26,53.24,1.607,1.599
2017-01-27,53.18,1.579,1.58
2017-01-30,52.63,1.578,1.581
2017-01-31,52.75,1.594,1.595
2017-02-01,53.9,1.648,1.631
2017-02-02,53.55,1.638,1.62
2017-02-03,53.81,1.647,1.625
2017-02-06,53.01,1.62,1.6
2017-02-07,52.19,1.593,1.585
2017-02-08,52.37,1.607,1.602
2017-02-09,52.99,1.622,1.609
2017-02-10,53.84,1.645,1.632
2017-02-13,52.96,1.604,1.589
2017-02-14,53.21,1.612,1.597
2017-02-15,53.11,1.603,1.595
2017-02-16,53.41,1.6,1.593
2017-02-17,53.41,1.615,1.611
2017-02-20,,,
2017-02-21,54.02,1.632,1.614
2017-02-22,53.61,1.619,1.599
2017-02-23,54.48,1.644,1.624
2017-02-24,53.99,1.641,1.606
2017-02-27,54.04,1.642,1.614
2017-02-28,54.0,1.638,1.6
2017-03-01,53.82,1.607,1.587
2017-03-02,52.63,1.564,1.544
2017-03-03,53.33,1.579,1.556
2017-03-06,53.19,1.588,1.571
2017-03-07,52.68,1.593,1.577
2017-03-08,49.83,1.552,1.527
2017-03-09,48.75,1.53,1.495
2017-03-10,48.05,1.499,1.464
2017-03-13,47.95,1.493,1.458
2017-03-14,47.24,1.493,1.458
2017-03-15,48.34,1.513,1.479
2017-03-16,48.3,1.499,1.467
2017-03-17,48.34,1.494,1.477
2017-03-20,47.79,1.505,1.483
2017-03-21,47.02,1.497,1.471
2017-03-22,47.29,1.491,1.465
2017-03-23,47.0,1.482,1.455
2017-03-24,47.3,1.501,1.473
2017-03-27,47.02,1.497,1.469
2017-03-28,48.36,1.513,1.488
2017-03-29,49.47,1.534,1.51
2017-03-30,50.3,1.56,1.528
2017-03-31,50.54,1.572,1.543
2017-04-03,50.25,1.563,1.526
2017-04-04,50.99,1.592,1.535
2017-04-05,51.14,1.594,1.536
2017-04-06,51.69,1.578,1.575
2017-04-07,52.25,1.623,1.593
2017-04-10,53.06,1.646,1.613
2017-04-11,53.38,1.648,1.616
2017-04-12,53.12,1.643,1.601
2017-04-13,53.19,1.643,1.614
2017-04-17,52.62,1.63,1.601
2017-04-18,52.46,1.618,1.594
2017-04-19,50.49,1.578,1.554
2017-04-20,50.26,1.571,1.547
2017-04-21,49.64,1.542,1.53
2017-04-24,48.9,1.531,1.519
2017-04-25,49.22,1.542,1.525
2017-04-26,49.22,1.522,1.505
2017-04-27,48.96,1.508,1.488
2017-04-28,49.31,1.502,1.475
2017-05-01,48.83,1.486,1.458
2017-05-02,47.65,1.471,1.441
2017-05-03,47.79,1.467,1.437
2017-05-04,45.55,1.409,1.379
2017-05-05,46.23,1.445,1.413
2017-05-08,46.46,1.457,1.422
2017-05-09,45.84,1.44,1.407
2017-05-10,47.28,1.473,1.442
2017-05-11,47.81,1.49,1.456
2017-05-12,47.83,1.489,1.456
2017-05-15,48.86,1.504,1.469
2017-05-16,48.64,1.514,1.48
2017-05-17,49.04,1.528,1.497
2017-05-18,49.36,1.536,1.508
2017-05-19,50.32,1.574,1.547
2017-05-22,50.81,1.593,1.564
2017-05-23,51.12,1.605,1.575
2017-05-24,50.99,1.606,1.571
2017-05-25,48.57,1.549,1.512
2017-05-26,49.58,1.567,1.526
2017-05-29,,,
2017-05-30,49.63,1.546,1.514
2017-05-31,48.29,1.507,1.477
2017-06-01,48.32,1.491,1.452
2017-06-02,47.68,1.48,1.441
2017-06-05,47.4,1.449,1.416
2017-06-06,48.13,1.459,1.422
2017-06-07,45.8,1.416,1.381
2017-06-08,45.68,1.412,1.38
2017-06-09,45.82,1.423,1.389
2017-06-12,46.1,1.413,1.381
2017-06-13,46.41,1.438,1.406
2017-06-14,44.79,1.402,1.369
2017-06-15,44.47,1.402,1.369
2017-06-16,44.73,1.418,1.39
2017-06-19,44.24,1.402,1.369
2017-06-20,43.34,1.389,1.361
2017-06-21,42.48,1.35,1.326
2017-06-22,42.53,1.358,1.335
2017-06-23,42.86,1.371,1.331
2017-06-26,43.24,1.377,1.339
2017-06-27,44.25,1.396,1.379
2017-06-28,44.74,1.425,1.404
2017-06-29,44.88,1.44,1.408
2017-06-30,46.02,1.473,1.447
2017-07-03,,,
2017-07-04,,,
2017-07-05,45.11,1.468,1.434
2017-07-06,45.52,1.467,1.435
2017-07-07,44.25,1.443,1.408
2017-07-10,44.4,1.448,1.407
2017-07-11,45.06,1.473,1.439
2017-07-12,45.48,1.469,1.435
2017-07-13,46.06,1.489,1.451
2017-07-14,46.53,1.514,1.479
2017-07-17,46.02,1.5,1.46
2017-07-18,46.4,1.511,1.472
2017-07-19,47.1,1.554,1.517
2017-07-20,46.73,1.547,1.511
2017-07-21,45.78,1.516,1.48
2017-07-24,46.21,1.518,1.482
2017-07-25,47.77,1.567,1.53
2017-07-26,48.58,1.595,1.563
2017-07-27,49.05,1.605,1.573
2017-07-28,49.72,1.64,1.606
2017-07-31,50.21,1.663,1.633
2017-08-01,49.19,1.639,1.612
2017-08-02,49.6,1.648,1.621
2017-08-03,49.03,1.636,1.606
2017-08-04,49.57,1.643,1.613
2017-08-07,49.37,1.63,1.605
2017-08-08,49.07,1.619,1.593
2017-08-09,49.59,1.646,1.62
2017-08-10,48.54,1.621,1.594
2017-08-11,48.81,1.633,1.596
2017-08-14,47.59,1.604,1.566
2017-08-15,47.57,1.598,1.565
2017-08-16,46.8,1.568,1.541
2017-08-17,47.07,1.573,1.548
2017-08-18,48.59,1.616,1.589
2017-08-21,47.39,1.564,1.538
2017-08-22,47.65,1.583,1.557
2017-08-23,48.45,1.621,1.596
2017-08-24,47.24,1.634,1.599
2017-08-25,47.65,1.628,1.594
2017-08-28,46.4,1.637,1.611
2017-08-29,46.46,1.682,1.641
2017-08-30,45.96,1.685,1.655
2017-08-31,47.26,1.809,1.755
2017-09-01,47.32,1.777,1.772
2017-09-04,,,
2017-09-05,48.63,1.773,1.773
2017-09-06,49.13,1.78,1.815
2017-09-07,49.1,1.812,1.827
2017-09-08,47.44,1.792,1.82
2017-09-11,48.06,1.75,1.747
2017-09-12,48.21,1.751,1.748
2017-09-13,49.3,1.707,1.75
2017-09-14,49.86,1.714,1.774
2017-09-15,49.9,1.795,1.764
2017-09-18,49.88,1.775,1.748
2017-09-19,49.54,1.773,1.74
2017-09-20,50.29,1.81,1.765
2017-09-21,50.58,1.82,1.775
2017-09-22,50.33,1.815,1.772
2017-09-25,51.85,1.858,1.814
2017-09-26,51.59,1.846,1.794
2017-09-27,52.14,1.849,1.787
2017-09-28,51.62,1.826,1.785
2017-09-29,51.67,1.808,1.768
2017-10-02,50.59,1.759,1.725
2017-10-03,50.44,1.752,1.714
2017-10-04,50.0,1.773,1.736
2017-10-05,50.79,1.789,1.752
2017-10-06,49.34,1.745,1.713
2017-10-09,49.58,1.735,1.693
2017-10-10,50.93,1.766,1.724
2017-10-11,51.3,1.785,1.74
2017-10-12,50.61,1.767,1.722
2017-10-13,51.43,1.795,1.752
2017-10-16,51.86,1.813,1.768
2017-10-17,51.87,1.81,1.768
2017-10-18,52.05,1.806,1.763
2017-10-19,51.29,1.778,1.731
2017-10-20,51.63,1.805,1.758
2017-10-23,51.91,1.787,1.739
2017-10-24,52.32,1.822,1.775
2017-10-25,51.97,1.817,1.77
2017-10-26,52.41,1.848,1.801
2017-10-27,53.92,1.868,1.826
2017-10-30,54.11,1.88,1.828
2017-10-31,54.36,1.881,1.826
2017-11-01,54.32,1.86,1.808
2017-11-02,54.55,1.867,1.808
2017-11-03,55.63,1.886,1.831
2017-11-06,57.34,1.937,1.876
2017-11-07,57.19,1.919,1.859
2017-11-08,56.82,1.913,1.855
2017-11-09,57.16,1.938,1.884
2017-11-10,56.75,1.934,1.868
2017-11-13,56.77,1.929,1.862
2017-11-14,55.67,1.89,1.826
2017-11-15,55.28,1.903,1.836
2017-11-16,55.14,1.9,1.834
2017-11-17,56.21,1.926,1.857
2017-11-20,56.21,1.926,1.857
2017-11-21,56.84,1.929,1.855
2017-11-22,57.88,1.929,1.854
2017-11-23,,,
2017-11-24,58.94,1.948,1.876
2017-11-27,58.1,1.944,1.871
2017-11-28,57.96,1.943,1.884
2017-11-29,57.25,1.923,1.847
2017-11-30,57.4,1.892,1.819
2017-12-01,58.35,1.935,1.865
2017-12-04,57.48,1.895,1.821
2017-12-05,57.66,1.911,1.84
2017-12-06,55.79,1.855,1.785
2017-12-07,56.5,1.886,1.816
2017-12-08,57.15,1.924,1.854
2017-12-11,57.84,1.945,1.875
2017-12-12,57.12,1.929,1.864
2017-12-13,56.59,1.904,1.836
2017-12-14,57.0,1.906,1.83
2017-12-15,57.29,1.898,1.823
2017-12-18,57.17,1.92,1.843
2017-12-19,57.49,1.935,1.85
2017-12-20,58.09,1.94,1.857
2017-12-21,58.34,1.943,1.861
2017-12-22,58.25,1.959,1.883
2017-12-26,59.55,2.035,1.955
2017-12-27,59.67,2.024,1.941
2017-12-28,59.84,2.045,1.961
2017-12-29,60.46,2.068,1.966
2018-01-02,60.37,2.058,1.965
2018-01-03,61.61,2.09,1.97
2018-01-04,61.98,2.075,1.955
2018-01-05,61.49,2.06,1.969
2018-01-08,61.73,2.048,1.957
2018-01-09,62.92,2.066,1.976
2018-01-10,63.6,2.079,1.985
2018-01-11,63.81,2.07,2.073
2018-01-12,64.22,2.084,1.984
2018-01-15,,,
2018-01-16,63.82,2.062,1.962
2018-01-17,63.92,2.061,1.971
2018-01-18,63.96,2.06,1.98
2018-01-19,63.38,2.059,1.934
2018-01-22,63.66,2.047,1.995
2018-01-23,64.45,2.086,2.033
2018-01-24,65.69,2.098,2.052
2018-01-25,65.62,2.099,2.048
2018-01-26,66.27,2.127,2.08
2018-01-29,65.71,2.091,2.047
2018-01-30,64.64,2.065,2.011
2018-01-31,64.82,2.069,2.016
2018-02-01,65.92,2.091,2.044
2018-02-02,65.5,2.057,1.992
2018-02-05,64.18,2.022,1.962
2018-02-06,63.48,1.995,1.94
2018-02-07,61.91,1.937,1.882
2018-02-08,61.3,1.909,1.866
2018-02-09,59.2,1.858,1.815
2018-02-12,59.41,1.845,1.801
2018-02-13,59.33,1.84,1.797
2018-02-14,60.7,1.882,1.847
2018-02-15,61.48,1.891,1.852
2018-02-16,61.89,1.912,1.868
2018-02-19,,,
2018-02-20,61.91,1.925,1.884
2018-02-21,61.73,1.923,1.883
2018-02-22,62.72,1.944,1.914
2018-02-23,63.52,1.968,1.934
2018-02-26,63.81,1.985,1.949
2018-02-27,62.94,1.961,1.928
2018-02-28,61.43,1.887,1.866
2018-03-01,60.98,1.878,1.848
2018-03-02,61.19,1.872,1.844
2018-03-05,62.49,1.884,1.849
2018-03-06,62.54,1.887,1.854
2018-03-07,61.09,1.87,1.834
2018-03-08,60.13,1.856,1.816
2018-03-09,62.02,1.872,1.835
2018-03-12,61.35,1.855,1.818
2018-03-13,60.69,1.865,1.825
2018-03-14,60.89,1.879,1.839
2018-03-15,61.16,1.888,1.848
2018-03-16,62.29,1.909,1.909
2018-03-19,62.01,1.908,1.868
2018-03-20,63.37,1.945,1.91
2018-03-21,65.1,2.014,1.973
2018-03-22,64.25,1.978,1.95
2018-03-23,65.8,2.016,1.979
2018-03-26,65.49,2.013,1.973
2018-03-27,65.21,2.01,1.97
2018-03-28,64.3,2.018,1.975
2018-03-29,64.87,2.022,1.982
2018-04-02,63.05,1.983,1.943
2018-04-03,63.41,1.997,1.96
2018-04-04,63.35,1.985,1.945
2018-04-05,63.53,1.981,1.941
2018-04-06,62.03,1.955,1.92
2018-04-09,63.4,1.997,1.962
2018-04-10,65.48,2.069,2.029
2018-04-11,66.81,2.097,2.057
2018-04-12,67.07,2.087,2.044
2018-04-13,67.35,2.106,2.059
2018-04-16,66.23,2.081,2.026
2018-04-17,66.5,2.063,2.008
2018-04-18,68.44,2.109,2.054
2018-04-19,68.3,2.12,2.065
2018-04-20,68.26,2.126,2.071
2018-04-23,67.61,2.121,2.066
2018-04-24,67.66,2.137,2.077
2018-04-25,68.0,2.144,2.086
2018-04-26,68.18,2.166,2.102
2018-04-27,68.11,2.155,2.094
2018-04-30,68.56,2.173,2.109
2018-05-01,67.28,2.123,2.071
2018-05-02,67.91,2.132,2.082
2018-05-03,68.45,2.135,2.085
2018-05-04,69.71,2.173,2.12
2018-05-07,70.74,2.189,2.141
2018-05-08,68.83,2.188,2.146
2018-05-09,71.16,2.237,2.197
2018-05-10,71.36,2.241,2.201
2018-05-11,70.69,2.239,2.199
2018-05-14,71.01,2.272,2.232
2018-05-15,71.34,2.268,2.216
2018-05-16,71.43,2.286,2.236
2018-05-17,71.47,2.299,2.251
2018-05-18,71.23,2.282,2.237
2018-05-21,72.26,2.292,2.242
2018-05-22,72.09,2.285,2.232
2018-05-23,71.85,2.297,2.245
2018-05-24,70.77,2.266,2.222
2018-05-25,67.92,2.21,2.16
2018-05-29,66.8,2.193,2.14
2018-05-30,68.24,2.245,2.187
2018-05-31,66.98,2.227,2.167
2018-06-01,65.81,2.182,2.139
2018-06-04,64.76,2.16,2.112
2018-06-05,65.51,2.139,2.094
2018-06-06,64.75,2.142,2.097
2018-06-07,65.96,2.184,2.138
2018-06-08,65.77,2.162,2.122
2018-06-11,66.1,2.161,2.116
2018-06-12,66.38,2.16,2.115
2018-06-13,66.63,2.179,2.142
2018-06-14,66.91,2.156,2.117
2018-06-15,65.01,2.079,2.039
2018-06-18,65.91,2.133,2.088
2018-06-19,65.09,2.123,2.081
2018-06-20,65.92,2.102,2.054
2018-06-21,65.68,2.081,2.034
2018-06-22,69.02,2.127,2.08
2018-06-25,69.91,2.107,2.062
2018-06-26,75.23,2.133,2.088
2018-06-27,77.41,2.17,2.128
2018-06-28,73.45,2.177,2.13
2018-06-29,74.13,2.203,2.163
2018-07-02,73.89,2.157,2.115
2018-07-03,74.19,2.164,2.124
2018-07-04,,,
2018-07-05,73.05,2.188,2.141
2018-07-06,73.78,2.175,2.132
2018-07-09,73.93,2.194,2.159
2018-07-10,74.11,2.22,2.185
2018-07-11,70.47,2.112,2.075
2018-07-12,70.28,2.118,2.08
2018-07-13,71.03,2.128,2.088
2018-07-16,68.22,2.057,2.015
2018-07-17,68.03,2.067,2.022
2018-07-18,68.78,2.093,2.05
2018-07-19,69.42,2.096,2.051
2018-07-20,70.31,2.106,2.063
2018-07-23,67.9,2.12,2.078
2018-07-24,70.77,2.133,2.09
2018-07-25,71.13,2.154,2.111
2018-07-26,71.59,2.172,2.129
2018-07-27,68.66,2.157,2.112
2018-07-30,71.19,2.168,2.123
2018-07-31,69.88,2.136,2.094
2018-08-01,68.8,2.096,2.058
2018-08-02,68.95,2.127,2.09
2018-08-03,68.49,2.13,2.095
2018-08-06,69.01,2.139,2.097
2018-08-07,69.17,2.162,2.122
2018-08-08,66.92,2.111,2.071
2018-08-09,66.81,2.112,2.07
2018-08-10,67.61,2.142,2.1
2018-08-13,67.25,2.142,2.099
2018-08-14,67.04,2.126,2.086
2018-08-15,65.07,2.087,2.047
2018-08-16,65.44,2.094,2.054
2018-08-17,65.93,2.099,2.054
2018-08-20,66.5,2.112,2.067
2018-08-21,67.32,2.123,2.078
2018-08-22,67.85,2.169,2.129
2018-08-23,69.13,2.177,2.137
2018-08-24,69.71,2.199,2.159
2018-08-27,69.97,2.218,2.183
2018-08-28,68.54,2.214,2.182
2018-08-29,69.68,2.246,2.218
2018-08-30,70.25,2.246,2.214
2018-08-31,69.84,2.24,2.209
2018-09-03,,,
2018-09-04,69.82,2.244,2.211
2018-09-05,68.69,2.237,2.2
2018-09-06,67.81,2.213,2.173
2018-09-07,67.73,2.218,2.181
2018-09-10,67.55,2.222,2.177
2018-09-11,69.29,2.259,2.211
2018-09-12,70.37,2.261,2.216
2018-09-13,68.6,2.227,2.182
2018-09-14,68.98,2.21,2.165
2018-09-17,68.86,2.205,2.16
2018-09-18,69.87,2.234,2.194
2018-09-19,71.08,2.241,2.201
2018-09-20,70.77,2.224,2.182
2018-09-21,70.8,2.222,2.177
2018-09-24,73.23,2.288,2.243
2018-09-25,73.4,2.302,2.261
2018-09-26,72.22,2.313,2.268
2018-09-27,72.18,2.321,2.276
2018-09-28,73.16,2.352,2.307
2018-10-01,75.37,2.412,2.364
2018-10-02,75.16,2.397,2.352
2018-10-03,76.4,2.432,2.385
2018-10-04,74.44,2.399,2.354
2018-10-05,74.26,2.388,2.343
2018-10-08,74.27,2.392,2.347
2018-10-09,74.95,2.419,2.372
2018-10-10,73.18,2.385,2.34
2018-10-11,70.97,2.326,2.281
2018-10-12,71.41,2.327,2.277
2018-10-15,71.84,2.326,2.276
2018-10-16,71.93,2.34,2.29
2018-10-17,69.63,2.318,2.263
2018-10-18,68.63,2.299,2.249
2018-10-19,69.16,2.309,2.254
2018-10-22,69.25,2.325,2.27
2018-10-23,66.49,2.246,2.191
2018-10-24,66.56,2.237,2.182
2018-10-25,67.25,2.275,2.218
2018-10-26,67.58,2.304,2.25
2018-10-29,67.0,2.278,2.222
2018-10-30,66.18,2.263,2.208
2018-10-31,65.31,2.251,2.193
2018-11-01,63.67,2.197,2.147
2018-11-02,63.12,2.168,2.118
2018-11-05,63.12,2.189,2.129
2018-11-06,62.16,2.189,2.124
2018-11-07,61.69,2.241,2.171
2018-11-08,60.71,2.171,2.096
2018-11-09,60.19,2.157,2.084
2018-11-12,59.85,2.138,2.048
2018-11-13,55.63,2.063,1.97
2018-11-14,56.16,2.098,2.003
2018-11-15,56.45,2.08,1.98
2018-11-16,56.49,2.082,1.984
2018-11-19,57.16,2.089,1.994
2018-11-20,53.39,1.985,1.892
2018-11-21,54.41,1.974,1.875
2018-11-22,,,
2018-11-23,,,
2018-11-26,51.46,1.892,1.793
2018-11-27,51.31,1.89,1.777
2018-11-28,50.06,1.835,1.749
2018-11-29,51.46,1.837,1.749
2018-11-30,50.78,1.829,1.728
2018-12-03,52.98,1.892,1.785
2018-12-04,53.21,1.892,1.782
2018-12-05,52.64,1.891,1.771
2018-12-06,51.54,1.865,1.763
2018-12-07,52.76,1.883,1.787
2018-12-10,51.07,1.845,1.73
2018-12-11,51.65,1.849,1.737
2018-12-12,51.04,1.851,1.739
2018-12-13,52.69,1.889,1.778
2018-12-14,51.26,1.848,1.738
2018-12-17,49.8,1.806,1.696
2018-12-18,46.12,1.763,1.653
2018-12-19,47.96,1.799,1.689
2018-12-20,45.64,1.762,1.632
2018-12-21,45.38,1.734,1.612
2018-12-26,46.04,1.752,1.632
2018-12-27,44.48,1.706,1.588
2018-12-28,45.15,1.663,1.551
2019-01-02,46.31,1.705,1.607
2019-01-03,46.92,1.738,1.643
2019-01-04,47.76,1.778,1.691
2019-01-07,48.27,1.803,1.696
2019-01-08,49.58,1.822,1.732
2019-01-09,52.19,1.878,1.788
2019-01-10,52.42,1.895,1.807
2019-01-11,51.44,1.881,1.791
2019-01-14,50.31,1.851,1.763
2019-01-15,51.8,1.867,1.787
2019-01-16,52.08,1.889,1.819
2019-01-17,51.83,1.878,1.811
2019-01-18,53.6,1.908,1.846
2019-01-21,,,
2019-01-22,52.59,1.898,1.841
2019-01-23,52.44,1.881,1.828
2019-01-24,52.94,1.88,1.826
2019-01-25,53.53,1.882,1.836
2019-01-28,51.79,1.837,1.789
2019-01-29,53.07,1.887,1.844
2019-01-30,54.18,1.892,1.853
2019-01-31,53.84,1.869,1.838
2019-02-01,55.29,1.911,1.867
2019-02-04,54.57,1.906,1.854
2019-02-05,53.69,1.896,1.843
2019-02-06,53.94,1.909,1.852
2019-02-07,52.68,1.898,1.846
2019-02-08,52.75,1.906,1.848
2019-02-11,52.43,1.891,1.828
2019-02-12,53.14,1.905,1.845
2019-02-13,53.84,1.937,1.88
2019-02-14,54.4,1.972,1.915
2019-02-15,55.58,2.019,1.959
2019-02-18,,,
2019-02-19,56.12,1.993,1.94
2019-02-20,56.9,2.009,1.959
2019-02-21,56.95,2.026,1.979
2019-02-22,57.01,2.026,1.974
2019-02-25,55.32,1.973,1.923
2019-02-26,55.4,1.999,1.95
2019-02-27,56.92,2.017,1.97
2019-02-28,57.21,2.027,1.977
2019-03-01,55.76,1.997,1.947
2019-03-04,56.6,2.012,1.96
2019-03-05,56.55,2.018,1.96
2019-03-06,56.22,2.016,1.956
2019-03-07,56.6,2.008,1.948
2019-03-08,55.77,1.999,1.939
2019-03-11,56.79,1.999,1.939
2019-03-12,56.89,1.984,1.932
2019-03-13,58.27,1.996,1.943
2019-03-14,58.59,1.979,1.931
2019-03-15,58.51,1.963,1.918
2019-03-18,59.09,1.964,1.919
2019-03-19,59.12,1.983,1.94
2019-03-20,60.12,2.001,1.963
2019-03-21,59.98,1.982,1.939
2019-03-22,58.87,1.963,1.917
2019-03-25,58.71,1.981,1.937
2019-03-26,59.87,1.991,1.945
2019-03-27,59.39,1.982,1.933
2019-03-28,59.29,1.971,1.927
2019-03-29,60.19,1.97,1.926
2019-04-01,61.59,1.99,1.955
2019-04-02,62.53,2.012,1.962
2019-04-03,62.46,2.011,1.961
2019-04-04,62.12,2.012,1.964
2019-04-05,63.1,2.044,1.997
2019-04-08,64.37,2.057,2.009
2019-04-09,64.05,2.047,2.001
2019-04-10,64.62,2.081,2.028
2019-04-11,63.61,2.074,2.021
2019-04-12,63.86,2.067,2.016
2019-04-15,63.43,2.063,2.012
2019-04-16,64.01,2.084,2.032
2019-04-17,63.74,2.074,2.019
2019-04-18,64.02,2.073,2.021
2019-04-22,65.66,2.11,2.056
2019-04-23,66.24,2.121,2.067
2019-04-24,65.96,2.096,2.046
2019-04-25,65.23,2.1,2.049
2019-04-26,63.29,2.044,1.99
2019-04-29,63.39,2.06,2.004
2019-04-30,63.83,2.078,2.025
2019-05-01,63.55,2.091,2.041
2019-05-02,61.75,2.069,2.021
2019-05-03,61.98,2.065,2.021
2019-05-06,62.3,2.075,2.032
2019-05-07,61.41,2.03,1.985
2019-05-08,62.13,2.056,2.011
2019-05-09,61.58,2.037,1.992
2019-05-10,61.65,2.053,2.006
2019-05-13,60.97,2.028,1.978
2019-05-14,61.82,2.052,2.004
2019-05-15,62.03,2.085,2.038
2019-05-16,62.93,2.125,2.077
2019-05-17,62.77,2.092,2.043
2019-05-20,63.12,2.078,2.026
2019-05-21,63.02,2.079,2.028
2019-05-22,61.42,2.042,1.991
2019-05-23,57.65,1.968,1.915
2019-05-24,58.4,1.985,1.933
2019-05-28,58.91,1.992,1.939
2019-05-29,58.84,1.972,1.92
2019-05-30,56.47,1.91,1.87
2019-05-31,53.49,1.836,1.797
2019-06-03,53.25,1.801,1.758
2019-06-04,53.5,1.822,1.78
2019-06-05,51.57,1.771,1.733
2019-06-06,52.59,1.803,1.763
2019-06-07,53.95,1.819,1.781
2019-06-10,53.33,1.803,1.766
2019-06-11,53.3,1.815,1.775
2019-06-12,51.13,1.764,1.726
2019-06-13,52.38,1.798,1.761
2019-06-14,52.47,1.821,1.786
2019-06-17,51.94,1.792,1.757
2019-06-18,53.86,1.824,1.786
2019-06-19,53.74,1.823,1.79
2019-06-20,56.88,1.882,1.846
2019-06-21,57.35,1.912,1.873
2019-06-24,57.73,1.9,1.86
2019-06-25,57.63,1.918,1.88
2019-06-26,59.17,1.965,1.923
2019-06-27,59.18,1.949,1.907
2019-06-28,58.2,1.931,1.883
2019-07-01,58.91,1.95,1.893
2019-07-02,56.0,1.892,1.837
2019-07-03,57.06,1.902,1.85
2019-07-04,,,
2019-07-05,,,
2019-07-08,57.35,1.89,1.835
2019-07-09,57.57,1.915,1.86
2019-07-10,60.28,1.976,1.931
2019-07-11,59.93,1.98,1.933
2019-07-12,59.99,1.981,1.931
2019-07-15,59.3,1.944,1.897
2019-07-16,57.44,1.91,1.862
2019-07-17,56.5,1.883,1.831
2019-07-18,55.08,1.877,1.832
2019-07-19,55.42,1.894,1.849
2019-07-22,55.87,1.899,1.86
2019-07-23,56.58,1.918,1.881
2019-07-24,55.9,1.904,1.867
2019-07-25,55.88,1.903,1.868
2019-07-26,56.04,1.904,1.864
2019-07-29,56.85,1.912,1.873
2019-07-30,58.04,1.948,1.913
2019-07-31,58.53,1.961,1.908
2019-08-01,53.64,1.86,1.822
2019-08-02,55.67,1.864,1.829
2019-08-05,54.63,1.832,1.794
2019-08-06,53.6,1.822,1.78
2019-08-07,51.14,1.773,1.73
2019-08-08,52.6,1.779,1.737
2019-08-09,54.41,1.796,1.747
2019-08-12,54.98,1.802,1.754
2019-08-13,57.05,1.858,1.826
2019-08-14,55.16,1.823,1.788
2019-08-15,54.51,1.793,1.763
2019-08-16,54.83,1.809,1.773
2019-08-19,56.24,1.822,1.793
2019-08-20,56.18,1.841,1.813
2019-08-21,55.65,1.857,1.819
2019-08-22,55.33,1.839,1.801
2019-08-23,54.08,1.812,1.775
2019-08-26,53.54,1.794,1.765
2019-08-27,54.99,1.811,1.781
2019-08-28,55.76,1.856,1.821
2019-08-29,56.67,1.866,1.832
2019-08-30,55.07,1.826,1.796
2019-09-02,,,
2019-09-03,53.91,1.799,1.769
2019-09-04,56.22,1.884,1.849
2019-09-05,56.33,1.883,1.851
2019-09-06,56.45,1.893,1.863
2019-09-09,57.88,1.924,1.892
2019-09-10,57.37,1.928,1.896
2019-09-11,55.66,1.906,1.868
2019-09-12,55.13,1.894,1.846
2019-09-13,54.76,1.893,1.84
2019-09-16,63.1,2.069,2.014
2019-09-17,59.26,2.003,1.95
2019-09-18,58.19,1.991,1.938
2019-09-19,58.19,2.027,1.977
2019-09-20,57.92,2.0,1.965
2019-09-23,58.69,1.993,1.954
2019-09-24,57.22,1.959,1.919
2019-09-25,56.38,1.956,1.916
2019-09-26,56.24,1.956,1.914
2019-09-27,55.95,1.948,1.905
2019-09-30,54.09,1.903,1.879
2019-10-01,53.6,1.905,1.878
2019-10-02,52.67,1.873,1.84
2019-10-03,52.41,1.884,1.849
2019-10-04,52.84,1.902,1.88
2019-10-07,52.76,1.914,1.881
2019-10-08,52.64,1.906,1.874
2019-10-09,52.63,1.924,1.882
2019-10-10,53.57,1.936,1.886
2019-10-11,54.76,1.966,1.913
2019-10-14,53.57,1.92,1.867
2019-10-15,52.81,1.932,1.874
2019-10-16,53.42,1.958,1.889
2019-10-17,53.89,1.969,1.894
2019-10-18,53.75,1.961,1.884
2019-10-21,53.28,1.964,1.881
2019-10-22,54.21,1.956,1.886
2019-10-23,55.9,1.978,1.903
2019-10-24,56.11,1.998,1.923
2019-10-25,56.52,1.983,1.909
2019-10-28,55.6,1.966,1.89
2019-10-29,55.34,1.958,1.866
2019-10-30,54.85,1.919,1.824
2019-10-31,54.02,1.889,1.775
2019-11-01,56.04,1.93,1.831
2019-11-04,56.33,1.954,1.852
2019-11-05,57.04,1.966,1.866
2019-11-06,56.15,1.936,1.846
2019-11-07,56.91,1.924,1.836
2019-11-08,57.02,1.919,1.837
2019-11-11,,,
2019-11-12,56.67,1.904,1.806
2019-11-13,56.88,1.926,1.821
2019-11-14,56.57,1.931,1.818
2019-11-15,57.54,1.96,1.847
2019-11-18,56.82,1.908,1.798
2019-11-19,54.93,1.865,1.76
2019-11-20,56.71,1.904,1.804
2019-11-21,58.36,1.946,1.846
2019-11-22,57.68,1.942,1.853
2019-11-25,57.79,1.95,1.863
2019-11-26,58.25,1.966,1.883
2019-11-27,58.12,1.949,1.866
2019-11-28,,,
2019-11-29,58.12,,
2019-12-02,55.97,1.891,1.808
2019-12-03,56.15,1.886,1.806
2019-12-04,58.46,1.926,1.839
2019-12-05,58.42,1.938,1.84
2019-12-06,59.2,1.954,1.854
2019-12-09,58.99,1.945,1.847
2019-12-10,59.22,1.967,1.865
2019-12-11,58.74,1.935,1.83
2019-12-12,59.18,1.956,1.851
2019-12-13,60.11,1.982,1.882
2019-12-16,60.21,2.01,1.905
2019-12-17,60.88,2.036,1.939
2019-12-18,60.93,2.026,1.923
2019-12-19,61.3,2.031,1.936
2019-12-20,60.43,2.019,1.928
2019-12-23,60.51,2.021,1.949
2019-12-24,61.17,2.034,1.963
2019-12-26,61.72,2.048,1.977
2019-12-27,61.76,2.046,1.97
2019-12-30,61.66,2.034,1.96
2019-12-31,61.14,2.022,1.945
2020-01-02,61.17,2.019,1.947
2020-01-03,63.0,2.054,1.974
2020-01-06,63.27,2.019,1.944
2020-01-07,62.7,2.024,1.947
2020-01-08,59.65,1.967,1.887
2020-01-09,59.56,1.946,1.866
2020-01-10,59.02,1.929,1.849
2020-01-13,58.17,1.894,1.814
2020-01-14,58.34,1.912,1.822
2020-01-15,57.86,1.882,1.792
2020-01-16,58.52,1.859,1.754
2020-01-17,58.55,1.86,1.773
2020-01-20,,,
2020-01-21,58.25,1.824,1.736
2020-01-22,56.76,1.794,1.713
2020-01-23,55.51,1.787,1.703
2020-01-24,54.09,1.729,1.662
2020-01-27,53.09,1.661,1.595
2020-01-28,53.33,1.708,1.638
2020-01-29,53.29,1.677,1.618
2020-01-30,52.19,1.644,1.584
2020-01-31,51.58,1.62,1.544
2020-02-03,50.06,1.57,1.49
2020-02-04,49.59,1.586,1.496
2020-02-05,50.87,1.648,1.557
2020-02-06,50.94,1.667,1.598
2020-02-07,50.34,1.641,1.564
2020-02-10,49.59,1.611,1.516
2020-02-11,50.0,1.627,1.554
2020-02-12,51.13,1.678,1.606
2020-02-13,51.41,1.682,1.609
2020-02-14,52.03,1.7,1.627
2020-02-17,,,
2020-02-18,52.1,1.675,1.604
2020-02-19,53.31,1.705,1.631
2020-02-20,53.77,1.695,1.628
2020-02-21,53.36,1.687,1.622
2020-02-24,51.36,1.613,1.556
2020-02-25,49.78,1.569,1.514
2020-02-26,48.67,1.506,1.45
2020-02-27,47.17,1.48,1.422
2020-02-28,44.83,1.485,1.436
2020-03-02,46.78,1.556,1.496
2020-03-03,47.27,1.545,1.495
2020-03-04,46.78,1.553,1.503
2020-03-05,45.9,1.502,1.449
2020-03-06,41.14,1.405,1.347
2020-03-09,31.05,1.182,1.114
2020-03-10,34.47,1.272,1.204
2020-03-11,33.13,1.247,1.184
2020-03-12,31.56,1.15,1.09
2020-03-13,31.72,1.175,1.122
2020-03-16,28.96,1.042,0.988
2020-03-17,26.96,1.045,0.98
2020-03-18,20.48,0.996,0.929
2020-03-19,25.09,1.05,0.982
2020-03-20,19.48,1.021,0.951
2020-03-23,23.33,1.04,0.975
2020-03-24,21.03,1.087,1.01
2020-03-25,20.75,1.093,1.014
2020-03-26,16.6,1.069,1.005
2020-03-27,15.48,1.085,1.004
2020-03-30,14.1,1.043,0.963
2020-03-31,20.51,1.02,0.93
2020-04-01,20.28,0.95,0.875
2020-04-02,25.18,1.005,0.928
2020-04-03,28.36,1.108,1.026
2020-04-06,26.21,1.06,0.977
2020-04-07,23.54,1.024,0.942
2020-04-08,24.97,1.026,0.944
2020-04-09,22.9,0.993,0.903
2020-04-13,22.36,1.007,0.917
2020-04-14,20.15,0.962,0.874
2020-04-15,19.96,0.925,0.85
2020-04-16,19.82,0.953,0.888
2020-04-17,18.31,0.967,0.894
2020-04-20,-36.98,0.9,0.828
2020-04-21,8.91,0.753,0.675
2020-04-22,13.64,0.756,0.685
2020-04-23,15.06,0.735,0.659
2020-04-24,15.99,0.677,0.576
2020-04-27,12.17,0.602,0.54
2020-04-28,12.4,0.621,0.553
2020-04-29,15.04,0.69,0.643
2020-04-30,19.23,0.757,0.699
2020-05-01,19.72,0.792,0.702
2020-05-04,20.47,0.815,0.73
2020-05-05,24.56,0.887,0.809
2020-05-06,23.88,0.816,0.724
2020-05-07,23.68,0.83,0.738
2020-05-08,24.73,0.889,0.809
2020-05-11,24.02,0.867,0.802
2020-05-12,25.76,0.817,0.752
2020-05-13,25.37,0.825,0.76
2020-05-14,27.4,0.861,0.831
2020-05-15,29.44,0.882,0.852
2020-05-18,31.83,0.98,0.96
2020-05-19,32.3,0.931,0.898
2020-05-20,33.56,0.951,0.919
2020-05-21,34.3,0.951,0.918
2020-05-22,33.49,0.94,0.908
2020-05-26,34.7,0.95,0.925
2020-05-27,32.8,0.923,0.891
2020-05-28,33.67,0.882,0.892
2020-05-29,35.57,0.955,0.943
2020-06-01,35.49,0.956,0.95
2020-06-02,36.88,1.025,1.013
2020-06-03,37.33,1.015,0.97
2020-06-04,37.42,1.034,0.996
2020-06-05,39.49,1.099,1.067
2020-06-08,38.17,1.076,1.043
2020-06-09,38.98,1.107,1.08
2020-06-10,39.54,1.119,1.101
2020-06-11,36.43,1.041,1.019
2020-06-12,36.24,1.102,1.062
2020-06-15,37.07,1.128,1.086
2020-06-16,38.26,1.184,1.127
2020-06-17,37.91,1.187,1.134
2020-06-18,38.79,1.206,1.154
2020-06-19,39.72,1.21,1.158
2020-06-22,40.6,1.225,1.18
2020-06-23,40.4,1.205,1.15
2020-06-24,37.91,1.159,1.101
2020-06-25,38.66,1.169,1.107
2020-06-26,38.53,1.13,1.071
2020-06-29,39.67,1.171,1.123
2020-06-30,39.27,1.179,1.137
2020-07-01,39.88,1.2,1.155
2020-07-02,40.57,1.225,1.18
2020-07-03,,,
2020-07-06,40.51,1.251,1.199
2020-07-07,40.59,1.241,1.191
2020-07-08,40.91,1.242,1.19
2020-07-09,39.64,1.221,1.181
2020-07-10,40.56,1.238,1.193
2020-07-13,40.06,1.216,1.171
2020-07-14,40.3,1.215,1.168
2020-07-15,41.2,1.243,1.196
2020-07-16,40.74,1.231,1.178
2020-07-17,40.55,1.224,1.171
2020-07-20,40.83,1.239,1.189
2020-07-21,41.76,1.281,1.229
2020-07-22,41.88,1.279,1.227
2020-07-23,40.99,1.26,1.2
2020-07-24,41.23,1.262,1.199
2020-07-27,41.46,1.264,1.206
2020-07-28,40.89,1.249,1.191
2020-07-29,41.13,1.264,1.207
2020-07-30,39.85,1.219,1.173
2020-07-31,40.1,1.215,1.177
2020-08-03,40.83,1.238,1.185
2020-08-04,41.67,1.254,1.196
2020-08-05,42.25,1.262,1.207
2020-08-06,41.93,1.244,1.194
2020-08-07,41.16,1.214,1.164
2020-08-10,41.94,1.225,1.183
2020-08-11,41.53,1.225,1.185
2020-08-12,42.6,1.246,1.201
2020-08-13,42.26,1.225,1.19
2020-08-14,42.05,1.224,1.189
2020-08-17,42.89,1.218,1.198
2020-08-18,42.89,1.235,1.205
2020-08-19,42.91,1.229,1.192
2020-08-20,42.62,1.229,1.209
2020-08-21,42.32,1.203,1.163
2020-08-24,42.44,1.236,1.198
2020-08-25,43.17,1.241,1.215
2020-08-26,43.21,1.223,1.24
2020-08-27,42.88,1.193,1.21
2020-08-28,42.96,1.204,1.222
2020-08-31,42.61,1.186,1.173
2020-09-01,42.76,1.214,1.184
2020-09-02,42.76,1.169,1.139
2020-09-03,41.39,1.136,1.116
2020-09-04,39.69,1.126,1.113
2020-09-07,,,
2020-09-08,36.87,1.063,1.05
2020-09-09,38.05,1.085,1.063
2020-09-10,37.25,1.072,1.034
2020-09-11,37.33,1.087,1.049
2020-09-14,37.23,1.088,1.05
2020-09-15,38.29,1.096,1.056
2020-09-16,40.17,1.114,1.074
2020-09-17,40.99,1.158,1.123
2020-09-18,41.09,1.171,1.106
2020-09-21,39.26,1.128,1.061
2020-09-22,39.55,1.111,1.044
2020-09-23,39.92,1.103,1.048
2020-09-24,40.11,1.117,1.073
2020-09-25,40.06,1.127,1.082
2020-09-28,40.47,1.144,1.097
2020-09-29,39.03,1.109,1.06
2020-09-30,40.05,1.152,1.098
2020-10-01,38.51,1.128,1.076
2020-10-02,36.9,1.088,1.035
2020-10-05,39.12,1.14,1.09
2020-10-06,40.52,1.18,1.137
2020-10-07,39.82,1.168,1.123
2020-10-08,41.04,1.197,1.152
2020-10-09,40.44,1.194,1.155
2020-10-12,39.22,1.163,1.115
2020-10-13,40.03,1.174,1.124
2020-10-14,40.86,1.2,1.15
2020-10-15,40.84,1.196,1.146
2020-10-16,40.7,1.183,1.133
2020-10-19,40.69,1.16,1.108
2020-10-20,41.37,1.177,1.125
2020-10-21,39.88,1.141,1.086
2020-10-22,40.46,1.159,1.109
2020-10-23,39.73,1.152,1.112
2020-10-26,38.39,1.127,1.084
2020-10-27,39.34,1.159,1.114
2020-10-28,37.27,1.119,1.077
2020-10-29,35.94,1.093,1.063
2020-10-30,35.64,1.089,1.045
2020-11-02,36.6,1.113,1.079
2020-11-03,37.44,1.132,1.097
2020-11-04,38.97,1.167,1.14
2020-11-05,38.56,1.162,1.144
2020-11-06,36.97,1.145,1.135
2020-11-09,40.05,1.213,1.185
2020-11-10,41.18,1.249,1.224
2020-11-11,41.23,1.242,1.215
2020-11-12,40.9,1.223,1.196
2020-11-13,39.93,1.201,1.173
2020-11-16,41.14,1.223,1.193
2020-11-17,41.24,1.239,1.204
2020-11-18,41.64,1.262,1.229
2020-11-19,41.57,1.278,1.243
2020-11-20,41.99,1.288,1.25
2020-11-23,42.91,1.306,1.276
2020-11-24,44.71,1.371,1.336
2020-11-25,45.58,1.401,1.359
2020-11-26,,,
2020-11-27,,,
2020-11-30,45.2,1.366,1.336
2020-12-01,44.54,1.337,1.308
2020-12-02,45.23,1.358,1.329
2020-12-03,45.65,1.384,1.347
2020-12-04,46.23,1.397,1.357
2020-12-07,45.72,1.396,1.356
2020-12-08,45.64,1.405,1.365
2020-12-09,45.48,1.398,1.359
2020-12-10,46.76,1.433,1.397
2020-12-11,46.59,1.431,1.396
2020-12-14,47.02,1.451,1.418
2020-12-15,47.58,1.461,1.421
2020-12-16,47.86,1.478,1.435
2020-12-17,48.34,1.491,1.451
2020-12-18,49.04,1.513,1.466
2020-12-21,47.79,1.468,1.428
2020-12-22,47.02,1.46,1.409
2020-12-23,47.94,1.495,1.443
2020-12-24,48.18,1.494,1.44
2020-12-28,47.5,1.48,1.427
2020-12-29,47.85,1.484,1.436
2020-12-30,48.24,1.475,1.436
2020-12-31,48.35,1.473,1.432
2021-01-04,47.47,1.459,1.397
2021-01-05,49.78,1.521,1.471
2021-01-06,50.45,1.524,1.461
2021-01-07,50.63,1.537,1.491
2021-01-08,52.14,1.582,1.535
2021-01-11,52.15,1.57,1.522
2021-01-12,53.08,1.594,1.546
2021-01-13,52.81,1.594,1.545
2021-01-14,53.47,1.615,1.564
2021-01-15,52.25,1.585,1.534
2021-01-18,,,
2021-01-19,52.87,1.594,1.542
2021-01-20,53.16,1.591,1.541
2021-01-21,53.0,1.594,1.543
2021-01-22,52.28,1.569,1.521
2021-01-25,52.78,1.59,1.543
2021-01-26,52.61,1.594,1.543
2021-01-27,52.81,1.605,1.552
2021-01-28,52.26,1.599,1.546
2021-01-29,52.16,1.599,1.54
2021-02-01,53.55,1.649,1.594
2021-02-02,54.77,1.682,1.629
2021-02-03,55.67,1.694,1.642
2021-02-04,56.19,1.707,1.656
2021-02-05,56.8,1.716,1.667
2021-02-08,57.95,1.753,1.701
2021-02-09,58.34,1.757,1.704
2021-02-10,58.69,1.757,1.701
2021-02-11,58.22,1.741,1.683
2021-02-12,59.5,1.778,1.718
2021-02-15,,,
2021-02-16,60.07,1.819,1.777
2021-02-17,61.09,1.846,1.824
2021-02-18,60.4,1.825,1.789
2021-02-19,59.12,1.818,1.787
2021-02-22,61.67,1.866,1.84
2021-02-23,61.66,1.884,1.846
2021-02-24,63.21,1.921,1.882
2021-02-25,63.43,1.903,1.874
2021-02-26,61.55,1.851,1.818
2021-03-01,60.54,1.823,1.797
2021-03-02,59.7,1.811,1.79
2021-03-03,61.33,1.837,1.816
2021-03-04,63.81,1.901,1.88
2021-03-05,66.08,1.951,1.924
2021-03-08,65.03,1.906,1.877
2021-03-09,64.02,1.895,1.872
2021-03-10,64.45,1.915,1.892
2021-03-11,66.02,1.959,1.94
2021-03-12,65.59,1.958,1.945
2021-03-15,65.36,1.944,1.925
2021-03-16,64.82,1.931,1.901
2021-03-17,64.55,1.901,1.869
2021-03-18,59.95,1.766,1.734
2021-03-19,61.43,1.822,1.787
2021-03-22,61.48,1.823,1.785
2021-03-23,57.75,1.737,1.702
2021-03-24,61.12,1.818,1.783
2021-03-25,58.47,1.746,1.711
2021-03-26,60.93,1.802,1.771
2021-03-29,61.49,1.808,1.777
2021-03-30,60.55,1.787,1.743
2021-03-31,59.19,1.771,1.725
2021-04-01,61.41,1.824,1.778
2021-04-05,58.73,1.774,1.728
2021-04-06,59.34,1.797,1.75
2021-04-07,59.77,1.805,1.758
2021-04-08,59.61,1.813,1.765
2021-04-09,59.29,1.81,1.76
2021-04-12,59.7,1.814,1.764
2021-04-13,60.2,1.817,1.772
2021-04-14,63.15,1.881,1.836
2021-04-15,63.42,1.897,1.851
2021-04-16,63.16,1.894,1.845
2021-04-19,63.33,1.896,1.847
2021-04-20,62.61,1.878,1.828
2021-04-21,61.34,1.848,1.801
2021-04-22,61.45,1.864,1.818
2021-04-23,62.18,1.874,1.83
2021-04-26,62.02,1.878,1.833
2021-04-27,63.03,1.913,1.848
2021-04-28,63.81,1.934,1.869
2021-04-29,65.0,1.958,1.911
2021-04-30,63.5,1.919,1.871
2021-05-03,64.46,1.952,1.905
2021-05-04,65.72,2.002,1.954
2021-05-05,65.63,1.999,1.947
2021-05-06,64.73,1.997,1.946
2021-05-07,64.96,2.013,1.961
2021-05-10,64.92,2.02,1.965
2021-05-11,65.31,2.053,1.994
2021-05-12,65.96,2.08,2.024
2021-05-13,63.82,2.006,1.95
2021-05-14,65.32,2.045,1.99
2021-05-17,66.24,2.067,2.011
2021-05-18,65.49,2.062,2.006
2021-05-19,63.28,2.013,1.958
2021-05-20,61.95,1.96,1.909
2021-05-21,63.61,1.997,1.945
2021-05-24,66.13,2.044,1.993
2021-05-25,66.27,2.028,1.977
2021-05-26,66.41,2.048,1.996
2021-05-27,66.87,2.059,2.006
2021-05-28,66.31,2.04,1.992
2021-06-01,67.8,2.082,2.03
2021-06-02,68.79,2.109,2.056
2021-06-03,68.81,2.106,2.053
2021-06-04,69.57,2.116,2.064
2021-06-07,69.21,2.116,2.064
2021-06-08,70.11,2.141,2.089
2021-06-09,69.9,2.126,2.071
2021-06-10,70.34,2.144,2.089
2021-06-11,71.0,2.12,2.067
2021-06-14,70.94,2.115,2.06
2021-06-15,72.06,2.116,2.063
2021-06-16,72.03,2.095,2.042
2021-06-17,71.06,2.066,2.015
2021-06-18,71.64,2.088,2.036
2021-06-21,73.64,2.124,2.072
2021-06-22,73.15,2.154,2.1
2021-06-23,73.11,2.157,2.107
2021-06-24,73.31,2.164,2.111
2021-06-25,74.21,2.145,2.093
2021-06-28,72.98,2.118,2.066
2021-06-29,73.14,2.132,2.078
2021-06-30,73.52,2.126,2.077
2021-07-01,75.33,2.147,2.091
2021-07-02,75.37,2.179,2.123
2021-07-05,,,
2021-07-06,73.62,2.12,2.063
2021-07-07,72.22,2.087,2.03
2021-07-08,72.98,2.128,2.071
2021-07-09,74.56,2.152,2.095
2021-07-12,74.21,2.15,2.096
2021-07-13,75.24,2.18,2.127
2021-07-14,73.06,2.136,2.084
2021-07-15,71.67,2.103,2.051
2021-07-16,71.76,2.102,2.05
2021-07-19,66.45,1.984,1.932
2021-07-20,67.32,2.015,1.956
2021-07-21,70.26,2.084,2.029
2021-07-22,72.15,2.127,2.072
2021-07-23,72.24,2.133,2.079
2021-07-26,72.15,2.156,2.102
2021-07-27,71.68,2.146,2.089
2021-07-28,72.37,2.151,2.094
2021-07-29,73.62,2.19,2.132
2021-07-30,73.93,2.191,2.133
2021-08-02,71.31,2.142,2.085
2021-08-03,70.64,2.123,2.067
2021-08-04,68.19,2.069,2.013
2021-08-05,69.1,2.101,2.045
2021-08-06,68.26,2.076,2.018
2021-08-09,66.56,2.044,1.986
2021-08-10,68.33,2.083,2.026
2021-08-11,69.3,2.108,2.052
2021-08-12,69.12,2.098,2.043
2021-08-13,68.36,2.063,2.008
2021-08-16,67.44,2.05,1.995
2021-08-17,66.5,2.037,1.982
2021-08-18,65.36,1.999,1.944
2021-08-19,63.69,1.969,1.916
2021-08-20,62.25,1.897,1.846
2021-08-23,65.65,1.996,1.945
2021-08-24,67.5,2.066,2.018
2021-08-25,68.54,2.113,2.066
2021-08-26,67.42,2.079,2.028
2021-08-27,68.84,2.107,2.058
2021-08-30,69.28,2.14,2.093
2021-08-31,68.43,2.14,2.095
2021-09-01,68.63,2.12,2.081
2021-09-02,70.07,2.159,2.118
2021-09-03,69.34,2.157,2.116
2021-09-06,,,
2021-09-07,68.49,2.122,2.087
2021-09-08,69.36,2.134,2.096
2021-09-09,68.26,2.111,2.073
2021-09-10,69.82,2.14,2.095
2021-09-13,70.54,2.16,2.114
2021-09-14,70.53,2.161,2.115
2021-09-15,72.59,2.207,2.158
2021-09-16,72.69,2.214,2.165
2021-09-17,72.09,2.208,2.155
2021-09-20,70.41,2.172,2.12
2021-09-21,70.51,2.184,2.126
2021-09-22,72.37,2.21,2.152
2021-09-23,73.43,2.248,2.192
2021-09-24,74.18,2.27,2.21
2021-09-27,75.54,2.297,2.24
2021-09-28,75.44,2.283,2.224
2021-09-29,75.06,2.312,2.257
2021-09-30,75.22,2.344,2.291
2021-10-01,76.01,2.381,2.321
2021-10-04,77.68,2.439,2.381
2021-10-05,79.17,2.503,2.44
2021-10-06,77.66,2.44,2.38
2021-10-07,78.46,2.472,2.412
2021-10-08,79.55,2.483,2.416
2021-10-11,80.64,2.529,2.459
2021-10-12,80.75,2.527,2.449
2021-10-13,80.67,2.542,2.464
2021-10-14,81.43,2.588,2.511
2021-10-15,82.39,2.588,2.506
2021-10-18,82.62,2.557,2.475
2021-10-19,83.19,2.567,2.5
2021-10-20,84.4,2.598,2.531
2021-10-21,82.64,2.558,2.495
2021-10-22,84.53,2.558,2.49
2021-10-25,84.64,2.572,2.501
2021-10-26,85.64,2.573,2.511
2021-10-27,82.66,2.505,2.443
2021-10-28,82.78,2.51,2.448
2021-10-29,83.5,2.487,2.429
2021-11-01,84.08,2.511,2.445
2021-11-02,83.91,2.51,2.441
2021-11-03,80.82,2.431,2.362
2021-11-04,78.88,2.415,2.355
2021-11-05,81.25,2.455,2.395
2021-11-08,81.96,2.478,2.416
2021-11-09,84.12,2.517,2.447
2021-11-10,81.23,2.455,2.385
2021-11-11,81.47,2.445,2.376
2021-11-12,80.87,2.411,2.343
2021-11-15,80.85,2.408,2.343
2021-11-16,80.76,2.434,2.366
2021-11-17,78.32,2.372,2.305
2021-11-18,78.92,2.387,2.319
2021-11-19,76.11,2.29,2.222
2021-11-22,76.74,2.323,2.256
2021-11-23,78.32,2.394,2.328
2021-11-24,78.32,2.373,2.311
2021-11-25,,,
2021-11-26,,,
2021-11-29,69.88,2.143,2.078
2021-11-30,66.14,2.062,1.995
2021-12-01,65.44,2.07,2.002
2021-12-02,66.6,2.111,2.061
2021-12-03,66.39,2.096,2.096
2021-12-06,69.62,2.178,2.125
2021-12-07,71.94,2.231,2.178
2021-12-08,72.43,2.272,2.212
2021-12-09,70.87,2.235,2.168
2021-12-10,71.71,2.258,2.195
2021-12-13,71.19,2.238,2.175
2021-12-14,70.57,2.211,2.146
2021-12-15,70.89,2.238,2.168
2021-12-16,72.34,2.257,2.189
2021-12-17,70.93,2.22,2.15
2021-12-20,68.69,2.188,2.13
2021-12-21,71.1,2.263,2.209
2021-12-22,72.82,2.311,2.257
2021-12-23,73.89,2.331,2.29
2021-12-24,,,
2021-12-27,75.49,2.358,2.305
2021-12-28,76.01,2.371,2.318
2021-12-29,76.58,2.376,2.319
2021-12-30,76.83,2.379,2.323
2021-12-31,75.33,2.327,2.271
2022-01-03,75.99,2.361,2.305
2022-01-04,77.0,2.419,2.354
2022-01-05,77.83,2.435,2.338
2022-01-06,79.47,2.487,2.39
2022-01-07,79.0,2.496,2.434
2022-01-10,78.11,2.503,2.437
2022-01-11,81.17,2.581,2.515
2022-01-12,82.51,2.612,2.54
2022-01-13,81.97,2.611,2.539
2022-01-14,83.82,2.653,2.588
2022-01-17,,,
2022-01-18,85.42,2.703,2.638
2022-01-19,86.84,2.685,2.62
2022-01-20,86.29,2.646,2.576
2022-01-21,85.16,2.689,2.616
2022-01-24,84.48,2.651,2.579
2022-01-25,86.61,2.669,2.594
2022-01-26,88.33,2.741,2.669
2022-01-27,87.61,2.828,2.786
2022-01-28,87.67,2.783,2.743
2022-01-31,89.16,2.762,2.73
2022-02-01,88.22,2.745,2.71
2022-02-02,88.16,2.762,2.735
2022-02-03,90.17,2.827,2.799
2022-02-04,92.27,2.861,2.843
2022-02-07,91.25,2.857,2.842
2022-02-08,89.32,2.872,2.784
2022-02-09,89.57,2.907,2.814
2022-02-10,89.83,2.892,2.787
2022-02-11,93.1,3.005,2.9
2022-02-14,95.52,3.022,2.924
2022-02-15,92.07,2.922,2.842
2022-02-16,93.83,2.833,2.753
2022-02-17,91.78,2.826,2.741
2022-02-18,91.26,2.802,2.737
2022-02-21,,,
2022-02-22,92.11,2.802,2.739
2022-02-23,92.14,2.841,2.781
2022-02-24,92.77,2.906,2.854
2022-02-25,91.68,2.872,2.814
2022-02-28,96.13,3.011,2.993
2022-03-01,103.66,3.297,3.202
2022-03-02,110.74,3.648,3.553
2022-03-03,107.69,3.637,3.542
2022-03-04,115.77,3.908,3.82
2022-03-07,119.26,4.102,3.997
2022-03-08,123.64,4.573,4.483
2022-03-09,108.81,3.678,3.568
2022-03-10,105.93,3.452,3.297
2022-03-11,109.31,3.578,3.421
2022-03-14,103.22,3.382,3.245
2022-03-15,96.42,3.096,2.976
2022-03-16,94.85,3.234,3.114
2022-03-17,102.97,3.595,3.475
2022-03-18,104.69,3.739,3.602
2022-03-21,112.14,3.953,3.803
2022-03-22,111.03,4.0,3.773
2022-03-23,114.89,4.262,3.997
2022-03-24,114.2,4.327,4.08
2022-03-25,116.2,4.24,4.21
2022-03-28,107.55,3.896,3.866
2022-03-29,104.25,3.846,3.873
2022-03-30,107.81,3.875,3.89
2022-03-31,100.53,3.618,3.755
2022-04-01,99.32,3.408,3.545
2022-04-04,103.29,3.846,3.578
2022-04-05,101.98,3.784,3.609
2022-04-06,96.39,3.706,3.516
2022-04-07,96.05,3.572,3.447
2022-04-08,98.35,3.611,3.486
2022-04-11,94.22,3.483,3.361
2022-04-12,100.52,3.662,3.517
2022-04-13,104.26,3.894,3.779
2022-04-14,106.84,3.998,3.903
2022-04-18,108.24,4.018,3.961
2022-04-19,102.54,4.074,3.894
2022-04-20,102.56,4.178,3.916
2022-04-21,103.89,4.085,3.908
2022-04-22,102.86,4.101,3.904
2022-04-25,99.6,4.272,4.087
2022-04-26,102.62,4.545,4.633
2022-04-27,101.96,4.789,4.984
2022-04-28,105.47,5.196,5.296
2022-04-29,104.59,4.624,4.729
2022-05-02,105.18,5.161,4.516
2022-05-03,102.53,4.983,4.323
2022-05-04,107.84,5.009,4.344
2022-05-05,108.17,4.963,4.355
2022-05-06,109.72,4.768,4.12
2022-05-09,103.08,4.858,3.901
2022-05-10,99.74,5.198,3.99
2022-05-11,105.5,5.339,3.976
2022-05-12,106.15,5.327,3.932
2022-05-13,110.52,5.339,3.944
2022-05-16,114.07,5.102,3.812
2022-05-17,112.31,5.04,3.683
2022-05-18,109.67,4.397,3.497
2022-05-19,112.21,4.019,3.622
2022-05-20,112.63,4.004,3.599
2022-05-23,110.32,3.964,3.594
2022-05-24,112.55,3.981,3.721
2022-05-25,112.88,4.064,3.834
2022-05-26,116.19,4.031,3.938
2022-05-27,114.96,4.022,3.959
2022-05-30,,,
2022-05-31,114.38,3.994,3.963
2022-06-01,115.26,4.238,4.113
2022-06-02,116.88,4.342,4.237
2022-06-03,118.97,4.422,4.314
2022-06-06,118.41,4.459,4.364
2022-06-07,119.55,4.401,4.323
2022-06-08,121.94,4.395,4.308
2022-06-09,121.52,4.498,4.416
2022-06-10,120.73,4.445,4.362
2022-06-13,120.92,4.349,4.277
2022-06-14,118.92,4.451,4.361
2022-06-15,115.32,4.579,4.499
2022-06-16,117.56,4.623,4.537
2022-06-17,109.56,4.44,4.35
2022-06-20,,,
2022-06-21,110.49,4.44,4.35
2022-06-22,106.22,4.412,4.317
2022-06-23,105.75,4.344,4.251
2022-06-24,109.07,4.366,4.298
2022-06-27,111.44,4.261,4.188
2022-06-28,113.66,4.19,4.202
2022-06-29,111.65,4.027,4.034
2022-06-30,107.76,3.918,3.906
2022-07-01,110.3,4.026,3.956
2022-07-04,,,
2022-07-05,101.55,3.643,3.566
2022-07-06,100.31,3.503,3.408
2022-07-07,104.62,3.753,3.673
2022-07-08,106.78,3.764,3.694
2022-07-11,106.09,3.847,3.78
2022-07-12,97.69,3.733,3.673
2022-07-13,98.44,3.767,3.684
2022-07-14,97.79,3.753,3.678
2022-07-15,99.59,3.789,3.697
2022-07-18,104.48,3.713,3.62
2022-07-19,106.12,3.672,3.602
2022-07-20,104.45,3.642,3.567
2022-07-21,98.44,3.617,3.542
2022-07-22,97.71,3.527,3.474
2022-07-25,99.83,3.53,3.478
2022-07-26,97.74,3.593,3.538
2022-07-27,100.03,3.743,3.688
2022-07-28,99.11,3.693,3.686
2022-07-29,101.31,3.607,3.582
2022-08-01,96.59,3.51,3.4
2022-08-02,97.14,3.442,3.33
2022-08-03,93.25,3.45,3.363
2022-08-04,91.29,3.323,3.236
2022-08-05,91.77,3.205,3.147
2022-08-08,93.52,3.176,3.106
2022-08-09,93.18,3.335,3.27
2022-08-10,94.68,3.403,3.343
2022-08-11,97.02,3.484,3.424
2022-08-12,94.86,3.512,3.454
2022-08-15,92.24,3.455,3.395
2022-08-16,89.23,3.473,3.413
2022-08-17,90.85,3.602,3.539
2022-08-18,93.2,3.642,3.579
2022-08-19,93.55,3.689,3.631
2022-08-22,93.42,3.766,3.707
2022-08-23,96.46,3.831,3.766
2022-08-24,95.52,4.026,3.954
2022-08-25,93.33,3.949,3.934
2022-08-26,93.63,4.005,3.98
2022-08-29,97.4,3.921,3.888
2022-08-30,92.08,3.817,3.784
2022-08-31,90.09,3.702,3.667
2022-09-01,87.09,3.59,3.265
2022-09-02,87.29,3.667,3.587
2022-09-05,,,
2022-09-06,87.35,3.618,3.538
2022-09-07,82.5,3.603,3.528
2022-09-08,84.04,3.569,3.492
2022-09-09,87.27,3.604,3.524
2022-09-12,88.18,3.637,3.555
2022-09-13,87.84,3.6,3.493
2022-09-14,88.88,3.415,3.325
2022-09-15,85.72,3.253,3.148
2022-09-16,85.57,3.194,3.112
2022-09-19,86.15,3.316,3.246
2022-09-20,84.69,3.377,3.302
2022-09-21,83.38,3.333,3.253
2022-09-22,84.02,3.415,3.315
2022-09-23,79.07,3.26,3.22
2022-09-26,77.17,3.15,3.112
2022-09-27,78.91,3.266,3.241
2022-09-28,82.61,3.463,3.44
2022-09-29,81.78,3.419,3.432
2022-09-30,79.91,3.39,3.372
2022-10-03,84.05,3.517,3.362
2022-10-04,86.87,3.66,3.62
2022-10-05,88.22,3.931,3.753
2022-10-06,88.9,4.1,3.893
2022-10-07,93.07,4.34,4.068
2022-10-10,91.6,,
2022-10-11,89.75,4.295,3.92
2022-10-12,87.83,4.283,3.895
2022-10-13,89.59,4.6,4.135
2022-10-14,86.1,4.737,4.065
2022-10-17,86.0,4.844,4.091
2022-10-18,83.29,4.734,3.939
2022-10-19,86.0,4.027,3.767
2022-10-20,86.02,4.282,3.587
2022-10-21,85.47,4.279,3.576
2022-10-24,86.12,4.372,4.009
2022-10-25,86.93,4.256,4.024
2022-10-26,89.39,4.443,4.188
2022-10-27,89.06,4.529,4.344
2022-10-28,87.85,4.87,4.57
2022-10-31,86.54,4.793,4.463
2022-11-01,88.36,4.332,3.602
2022-11-02,90.06,3.981,3.643
2022-11-03,88.14,4.658,3.853
2022-11-04,92.58,4.801,3.901
2022-11-07,91.8,4.684,3.694
2022-11-08,88.8,4.678,3.688
2022-11-09,85.79,4.639,3.439
2022-11-10,86.52,4.776,3.373
2022-11-11,89.14,,
2022-11-14,85.85,4.541,3.298
2022-11-15,86.87,4.635,3.332
2022-11-16,85.62,4.024,3.334
2022-11-17,81.69,3.824,3.229
2022-11-18,80.07,3.817,3.222
2022-11-21,79.74,3.58,3.192
2022-11-22,80.83,3.57,3.135
2022-11-23,77.93,3.453,2.966
2022-11-24,,,
2022-11-25,76.45,3.379,2.892
2022-11-28,77.1,3.183,2.913
2022-11-29,77.96,3.312,3.042
2022-11-30,80.48,3.385,3.14
2022-12-01,81.06,3.286,3.003
2022-12-02,79.86,3.2,2.917
2022-12-05,76.83,3.018,2.746
2022-12-06,74.21,2.913,2.72
2022-12-07,71.93,2.79,2.598
2022-12-08,71.3,2.838,2.721
2022-12-09,71.05,2.778,2.661
2022-12-12,72.96,2.936,2.771
2022-12-13,75.44,3.077,2.892
2022-12-14,77.14,3.252,3.092
2022-12-15,75.89,3.265,3.102
2022-12-16,74.19,3.113,2.921
2022-12-19,75.05,3.072,2.882
2022-12-20,75.92,3.044,2.866
2022-12-21,78.17,3.163,3.021
2022-12-22,77.68,3.132,3.01
2022-12-23,79.57,3.246,3.124
2022-12-27,79.45,3.362,3.36
2022-12-28,78.89,3.346,3.313
2022-12-29,78.43,3.328,3.38
2022-12-30,80.16,3.305,3.368
2023-01-03,76.87,3.147,3.142
2023-01-04,72.82,3.053,2.968
2023-01-05,73.61,3.048,2.973
2023-01-06,73.77,3.079,3.001
2023-01-09,74.69,3.075,3.05
2023-01-10,75.11,3.155,3.133
2023-01-11,77.46,3.248,3.181
2023-01-12,78.32,3.278,3.213
2023-01-13,79.9,3.319,3.224
2023-01-16,,,
2023-01-17,80.25,3.309,3.224
2023-01-18,79.53,3.301,3.216
2023-01-19,80.31,3.421,3.313
2023-01-20,81.27,3.504,3.391
2023-01-23,81.62,3.587,3.467
2023-01-24,79.86,3.482,3.362
2023-01-25,79.78,3.366,3.374
2023-01-26,80.64,3.399,3.404
2023-01-27,79.73,3.265,3.248
2023-01-30,77.97,3.107,3.09
2023-01-31,78.95,3.19,3.16
2023-02-01,76.34,3.013,2.918
2023-02-02,75.87,2.94,2.853
2023-02-03,73.4,2.812,2.725
2023-02-06,74.11,2.8,2.71
2023-02-07,77.17,2.934,2.839
2023-02-08,78.47,2.909,2.834
2023-02-09,78.04,2.809,2.744
2023-02-10,79.74,2.874,2.797
2023-02-13,80.14,2.884,2.812
2023-02-14,79.08,2.915,2.843
2023-02-15,78.57,2.838,2.77
2023-02-16,78.45,2.771,2.718
2023-02-17,76.31,2.716,2.671
2023-02-20,,,
2023-02-21,76.28,2.775,2.73
2023-02-22,73.95,2.685,2.64
2023-02-23,75.26,2.704,2.679
2023-02-24,76.19,2.8,2.775
2023-02-27,75.57,2.807,2.797
2023-02-28,76.88,2.818,2.79
2023-03-01,77.57,2.866,2.833
2023-03-02,78.05,2.876,2.821
2023-03-03,79.62,2.92,2.865
2023-03-06,80.39,2.907,2.849
2023-03-07,77.45,2.809,2.752
2023-03-08,76.56,2.763,2.69
2023-03-09,75.6,2.689,2.624
2023-03-10,76.55,2.791,2.768
2023-03-13,74.68,2.786,2.771
2023-03-14,71.18,2.769,2.712
2023-03-15,67.38,2.654,2.597
2023-03-16,68.15,2.691,2.604
2023-03-17,66.61,2.688,2.605
2023-03-20,67.56,2.705,2.602
2023-03-21,69.4,2.712,2.617
2023-03-22,70.71,2.727,2.634
2023-03-23,69.77,2.674,2.592
2023-03-24,69.22,2.713,2.62
2023-03-27,72.87,2.773,2.693
2023-03-28,73.12,2.77,2.778
2023-03-29,72.95,2.639,2.659
2023-03-30,74.32,2.634,2.596
2023-03-31,75.68,2.614,2.579
2023-04-03,80.4,2.725,2.623
2023-04-04,80.7,2.701,2.644
2023-04-05,80.69,2.778,2.678
2023-04-06,80.7,2.702,2.622
2023-04-10,79.79,2.715,2.642
2023-04-11,81.54,2.694,2.611
2023-04-12,83.26,2.725,2.64
2023-04-13,82.16,2.726,2.609
2023-04-14,82.58,2.663,2.583
2023-04-17,80.93,2.646,2.561
2023-04-18,80.85,2.598,2.525
2023-04-19,79.18,2.553,2.481
2023-04-20,77.27,2.485,2.418
2023-04-21,77.86,2.488,2.428
2023-04-24,78.64,2.517,2.457
2023-04-25,77.05,2.446,2.394
2023-04-26,74.33,2.377,2.319
2023-04-27,74.77,2.355,2.297
2023-04-28,76.78,2.372,2.314
2023-05-01,75.65,2.38,2.341
2023-05-02,71.71,2.297,2.266
2023-05-03,68.62,2.219,2.182
2023-05-04,68.52,2.237,2.19
2023-05-05,71.32,2.325,2.282
2023-05-08,73.13,2.368,2.326
2023-05-09,73.68,2.388,2.343
2023-05-10,72.53,2.399,2.362
2023-05-11,70.81,2.36,2.323
2023-05-12,70.02,2.303,2.265
2023-05-15,71.07,2.381,2.343
2023-05-16,70.85,2.358,2.315
2023-05-17,72.78,2.421,2.378
2023-05-18,71.82,2.398,2.36
2023-05-19,71.57,2.366,2.346
2023-05-22,71.81,2.371,2.314
2023-05-23,72.87,2.366,2.311
2023-05-24,74.37,2.405,2.356
2023-05-25,71.68,2.344,2.289
2023-05-26,72.35,2.376,2.321
2023-05-30,69.45,2.283,2.235
2023-05-31,68.11,2.259,2.206
2023-06-01,70.09,2.325,2.26
2023-06-02,71.76,2.376,2.309
2023-06-05,72.14,2.377,2.32
2023-06-06,71.71,2.371,2.304
2023-06-07,72.52,2.414,2.344
2023-06-08,71.28,2.389,2.319
2023-06-09,70.16,2.372,2.302
2023-06-12,67.08,2.326,2.247
2023-06-13,69.39,2.408,2.329
2023-06-14,68.22,2.375,2.302
2023-06-15,70.61,2.492,2.422
2023-06-16,71.81,2.563,2.493
2023-06-19,,,
2023-06-20,70.94,2.492,2.408
2023-06-21,72.55,2.587,2.492
2023-06-22,69.22,2.491,2.431
2023-06-23,68.91,2.439,2.337
2023-06-26,69.09,2.479,2.385
2023-06-27,67.68,2.435,2.331
2023-06-28,69.54,2.428,2.326
2023-06-29,69.85,2.445,2.348
2023-06-30,70.66,2.478,2.371
2023-07-03,69.71,2.417,2.324
2023-07-04,,,
2023-07-05,71.78,2.511,2.431
2023-07-06,71.76,2.497,2.417
2023-07-07,73.91,2.565,2.491
2023-07-10,73.05,2.563,2.484
2023-07-11,74.87,2.589,2.506
2023-07-12,75.77,2.618,2.535
2023-07-13,76.86,2.621,2.541
2023-07-14,75.44,2.595,2.52
2023-07-17,74.17,2.563,2.489
2023-07-18,75.76,2.597,2.522
2023-07-19,75.4,2.638,2.56
2023-07-20,75.65,2.669,2.59
2023-07-21,77.06,2.741,2.662
2023-07-24,78.81,2.775,2.705
2023-07-25,79.76,2.778,2.71
2023-07-26,79.11,2.841,2.776
2023-07-27,80.17,2.9,2.843
2023-07-28,80.55,2.95,2.89
2023-07-31,81.8,2.995,2.934
2023-08-01,81.37,3.041,2.971
2023-08-02,79.5,3.026,2.947
2023-08-03,81.56,3.096,3.019
2023-08-04,82.76,3.062,2.99
2023-08-07,81.94,3.039,2.961
2023-08-08,82.94,3.077,3.005
2023-08-09,84.35,3.213,3.148
2023-08-10,82.81,3.152,3.084
2023-08-11,83.17,3.114,3.049
2023-08-14,82.5,3.08,3.012
2023-08-15,81.06,3.03,2.968
2023-08-16,79.4,3.017,2.96
2023-08-17,80.43,3.084,3.032
2023-08-18,81.25,3.148,3.108
2023-08-21,80.71,3.139,3.056
2023-08-22,80.25,3.14,3.103
2023-08-23,78.91,3.125,3.067
2023-08-24,79.52,3.15,3.098
2023-08-25,80.47,3.314,3.221
2023-08-28,80.65,3.181,3.108
2023-08-29,81.14,3.212,3.144
2023-08-30,81.64,3.093,3.022
2023-08-31,83.55,3.15,3.071
2023-09-01,85.52,3.11,3.072
2023-09-04,,,
2023-09-05,86.74,3.252,3.172
2023-09-06,87.55,3.224,3.129
2023-09-07,86.87,3.256,3.162
2023-09-08,87.51,3.322,3.234
2023-09-11,87.3,3.39,3.302
2023-09-12,88.87,3.353,3.266
2023-09-13,88.59,3.453,3.373
2023-09-14,90.13,3.497,3.399
2023-09-15,90.83,3.399,3.312
2023-09-18,91.47,3.303,3.223
2023-09-19,91.16,3.417,3.327
2023-09-20,89.2,3.325,3.295
2023-09-21,89.56,3.374,3.361
2023-09-22,90.0,3.338,3.323
2023-09-25,89.68,3.248,3.238
2023-09-26,91.43,3.237,3.21
2023-09-27,93.67,3.308,3.278
2023-09-28,91.65,3.333,3.308
2023-09-29,90.77,3.352,3.324
2023-10-02,88.81,3.284,3.185
2023-10-03,89.26,3.263,3.164
2023-10-04,84.32,3.084,2.998
2023-10-05,82.3,2.933,2.838
2023-10-06,82.83,2.961,2.866
2023-10-09,,,
2023-10-10,85.89,3.072,2.964
2023-10-11,83.7,3.048,2.923
2023-10-12,82.87,3.1,2.97
2023-10-13,87.67,3.258,3.133
2023-10-16,86.65,3.212,3.087
2023-10-17,86.66,3.221,3.069
2023-10-18,88.35,3.197,3.037
2023-10-19,89.35,3.245,3.078
2023-10-20,89.12,3.219,3.119
2023-10-23,85.49,3.162,3.062
2023-10-24,84.58,3.067,2.982
2023-10-25,86.07,3.025,2.962
2023-10-26,83.8,3.05,2.97
2023-10-27,86.04,3.009,2.967
2023-10-30,83.03,2.989,2.899
2023-10-31,81.64,2.994,2.917
2023-11-01,81.05,2.968,2.888
2023-11-02,83.04,3.102,2.928
2023-11-03,81.19,2.995,2.832
2023-11-06,81.54,2.999,2.846
2023-11-07,77.96,2.883,2.716
2023-11-08,75.85,2.814,2.632
2023-11-09,76.34,2.78,2.553
2023-11-10,,2.814,2.584
2023-11-13,78.86,2.916,2.673
2023-11-14,78.9,2.904,2.637
2023-11-15,77.15,2.92,2.633
2023-11-16,73.5,2.819,2.522
2023-11-17,76.47,2.829,2.534
2023-11-20,78.1,2.912,2.617
2023-11-21,78.35,2.947,2.725
2023-11-22,76.8,2.899,2.676
2023-11-23,,,
2023-11-24,74.83,2.883,2.553
2023-11-27,74.46,2.883,2.601
2023-11-28,76.09,2.907,2.64
2023-11-29,77.56,2.938,2.611
2023-11-30,75.66,2.897,2.494
2023-12-01,73.7,2.723,2.411
2023-12-04,72.73,2.783,2.371
2023-12-05,71.95,2.704,2.312
2023-12-06,68.98,2.615,2.293
2023-12-07,69.0,2.603,2.28
2023-12-08,70.87,2.624,2.239
2023-12-11,70.95,2.642,2.262
2023-12-12,68.27,2.502,2.22
2023-12-13,69.09,2.546,2.263
2023-12-14,71.21,2.584,2.341
2023-12-15,71.05,2.609,2.374
2023-12-18,72.16,2.66,2.488
2023-12-19,73.23,2.718,2.546
2023-12-20,73.87,2.679,2.542
2023-12-21,73.59,2.686,2.526
2023-12-22,73.29,2.623,2.486
2023-12-26,75.84,2.628,2.49
2023-12-27,74.31,2.616,2.464
2023-12-28,72.02,2.555,2.398
2023-12-29,71.89,2.531,2.403
2024-01-02,70.62,2.553,2.383
2024-01-03,72.97,2.598,2.463
2024-01-04,72.38,2.589,2.459
2024-01-05,74.0,2.616,2.499
2024-01-08,71.06,2.583,2.471
2024-01-09,72.43,2.647,2.534
2024-01-10,71.57,2.603,2.485
2024-01-11,72.15,2.682,2.564
2024-01-12,72.94,2.673,2.563
2024-01-15,,,
2024-01-16,72.63,2.644,2.519
2024-01-17,72.79,2.645,2.525
2024-01-18,74.32,2.691,2.574
2024-01-19,73.69,2.663,2.548
2024-01-22,75.26,2.689,2.574
2024-01-23,74.72,2.686,2.611
2024-01-24,75.48,2.679,2.599
2024-01-25,77.91,2.791,2.698
2024-01-26,78.45,2.847,2.767
2024-01-29,77.25,2.833,2.719
2024-01-30,78.3,2.796,2.685
2024-01-31,76.28,2.786,2.707
2024-02-01,74.36,2.74,2.665
2024-02-02,72.72,2.676,2.601
2024-02-05,73.21,2.734,2.669
2024-02-06,73.83,2.753,2.681
2024-02-07,74.26,2.817,2.757
2024-02-08,76.67,2.891,2.854
2024-02-09,77.26,2.941,2.906
2024-02-12,77.34,2.923,2.905
2024-02-13,78.28,2.884,2.822
2024-02-14,77.09,2.796,2.741
2024-02-15,78.47,2.807,2.757
2024-02-16,79.65,2.807,2.725
2024-02-19,,,
2024-02-20,78.72,2.724,2.649
2024-02-21,78.89,2.699,2.624
2024-02-22,79.64,2.741,2.716
2024-02-23,77.6,2.685,2.606
2024-02-26,78.53,2.758,2.662
2024-02-27,79.8,2.732,2.643
2024-02-28,79.44,2.645,2.555
2024-02-29,79.22,2.669,2.592
2024-03-01,80.9,2.726,2.641
2024-03-04,79.67,2.672,2.574
2024-03-05,79.11,2.623,2.533
2024-03-06,80.08,2.68,2.595
2024-03-07,79.81,2.712,2.627
2024-03-08,78.96,2.654,2.559
2024-03-11,78.87,2.665,2.583
2024-03-12,78.51,2.632,2.544
2024-03-13,80.67,2.699,2.614
2024-03-14,82.16,2.708,2.632
2024-03-15,81.94,2.722,2.655
2024-03-18,83.68,2.776,2.708
2024-03-19,84.39,2.753,2.686
2024-03-20,82.79,2.683,2.613
2024-03-21,81.99,2.653,2.585
2024-03-22,81.1,2.647,2.592
2024-03-25,82.41,2.675,2.6
2024-03-26,82.41,2.608,2.537
2024-03-27,82.15,2.587,2.532
2024-03-28,83.96,2.607,2.543
2024-04-01,84.54,2.625,2.56
2024-04-02,85.95,2.71,2.647
2024-04-03,86.22,2.727,2.665
2024-04-04,87.37,2.746,2.684
2024-04-05,87.69,2.689,2.688
2024-04-08,87.24,2.725,2.66
2024-04-09,86.04,2.675,2.61
2024-04-10,86.98,2.706,2.644
2024-04-11,85.79,2.66,2.598
2024-04-12,86.46,2.672,2.614
2024-04-15,86.21,2.657,2.59
2024-04-16,86.15,2.644,2.584
2024-04-17,83.58,2.569,2.509
2024-04-18,83.5,2.515,2.459
2024-04-19,83.79,2.534,2.473
2024-04-22,83.82,2.555,2.495
2024-04-23,84.17,2.564,2.499
2024-04-24,84.09,2.54,2.476
2024-04-25,84.92,2.543,2.48
2024-04-26,85.38,2.54,2.486
2024-04-29,84.26,2.535,2.481
2024-04-30,83.49,2.512,2.453
2024-05-01,80.7,2.457,2.389
2024-05-02,80.59,2.44,2.373
2024-05-03,79.65,2.431,2.364
2024-05-06,80.1,2.45,2.391
2024-05-07,79.97,2.452,2.393
2024-05-08,80.57,2.47,2.408
2024-05-09,80.86,2.468,2.406
2024-05-10,79.81,2.421,2.357
2024-05-13,80.71,2.426,2.361
2024-05-14,79.62,2.41,2.351
2024-05-15,80.23,2.413,2.354
2024-05-16,80.85,2.435,2.383
2024-05-17,81.66,2.473,2.428
2024-05-20,81.39,2.466,2.421
2024-05-21,80.66,2.451,2.403
2024-05-22,79.15,2.413,2.355
2024-05-23,77.47,2.408,2.351
2024-05-24,78.48,2.401,2.342
2024-05-28,80.9,2.463,2.404
2024-05-29,80.24,2.415,2.358
2024-05-30,78.96,2.352,2.294
2024-05-31,77.97,2.348,2.291
2024-06-03,75.26,2.278,2.22
2024-06-04,74.27,2.259,2.219
2024-06-05,75.08,2.277,2.238
2024-06-06,76.52,2.333,2.288
2024-06-07,76.53,2.34,2.283
2024-06-10,78.75,2.405,2.348
2024-06-11,78.88,2.399,2.351
2024-06-12,79.56,2.417,2.37
2024-06-13,79.61,2.462,2.426
2024-06-14,79.41,2.449,2.412
2024-06-17,81.33,2.466,2.426
2024-06-18,82.67,2.507,2.466
2024-06-19,,,
2024-06-20,83.34,2.499,2.469
2024-06-21,81.71,2.466,2.439
2024-06-24,82.63,2.499,2.471
2024-06-25,81.97,2.484,2.457
2024-06-26,82.19,2.513,2.474
2024-06-27,83.04,2.541,2.491
2024-06-28,82.83,2.506,2.472
2024-07-01,84.7,2.594,2.54
2024-07-02,84.09,2.613,2.559
2024-07-03,85.19,2.605,2.555
2024-07-04,,,
2024-07-05,84.44,2.6,2.545
2024-07-08,83.63,2.558,2.506
2024-07-09,82.78,2.507,2.452
2024-07-10,83.39,2.506,2.453
2024-07-11,83.92,2.507,2.454
2024-07-12,83.49,2.492,2.437
2024-07-15,83.22,2.493,2.438
2024-07-16,81.92,2.452,2.397
2024-07-17,84.16,2.469,2.414
2024-07-18,84.17,2.458,2.401
2024-07-19,81.43,2.401,2.349
2024-07-22,81.25,2.416,2.36
2024-07-23,78.24,2.396,2.343
2024-07-24,78.78,2.424,2.361
2024-07-25,79.43,2.446,2.384
2024-07-26,78.58,2.401,2.322
2024-07-29,77.27,2.361,2.282
2024-07-30,76.17,2.321,2.25
2024-07-31,79.36,2.39,2.319
2024-08-01,77.74,2.395,2.323
2024-08-02,74.99,2.29,2.228
2024-08-05,74.46,2.276,2.223
2024-08-06,74.6,2.251,2.199
2024-08-07,76.68,2.313,2.258
2024-08-08,77.64,2.317,2.254
2024-08-09,78.28,2.3,2.228
2024-08-12,81.45,2.361,2.288
2024-08-13,79.81,2.343,2.303
2024-08-14,78.47,2.32,2.28
2024-08-15,79.66,2.326,2.287
2024-08-16,78.05,2.283,2.251
2024-08-19,75.82,2.218,2.191
2024-08-20,75.27,2.219,2.192
2024-08-21,72.76,2.206,2.182
2024-08-22,73.72,2.237,2.201
2024-08-23,75.82,2.278,2.23
2024-08-26,78.4,2.314,2.266
2024-08-27,76.5,2.26,2.212
2024-08-28,75.49,2.193,2.179
2024-08-29,76.9,2.254,2.236
2024-08-30,74.52,2.21,2.207
2024-09-02,,,
2024-09-03,71.28,2.168,2.138
2024-09-04,70.11,2.112,2.08
2024-09-05,70.09,2.128,2.097
2024-09-06,68.58,2.082,2.05
2024-09-09,69.65,2.116,2.079
2024-09-10,66.73,2.038,2.003
2024-09-11,68.25,2.064,2.029
2024-09-12,69.89,2.094,2.052
2024-09-13,69.59,2.064,2.016
2024-09-16,71.1,2.071,2.024
2024-09-17,72.16,2.118,2.07
2024-09-18,71.87,2.109,2.062
2024-09-19,72.86,2.147,2.108
2024-09-20,72.72,2.147,2.108
2024-09-23,71.33,2.129,2.091
2024-09-24,72.34,2.159,2.118
2024-09-25,70.42,2.134,2.102
2024-09-26,68.28,2.104,2.063
2024-09-27,68.72,2.114,2.073
2024-09-30,68.75,2.103,2.067
2024-10-01,70.41,2.16,2.121
2024-10-02,70.74,2.163,2.129
2024-10-03,74.33,2.267,2.235
2024-10-04,74.93,2.285,2.249
2024-10-07,77.76,2.362,2.324
2024-10-08,74.26,2.288,2.238
2024-10-09,73.85,2.258,2.207
2024-10-10,76.46,2.32,2.266
2024-10-11,76.11,2.326,2.27
2024-10-14,,,
2024-10-15,71.22,2.173,2.121
2024-10-16,70.97,2.152,2.102
2024-10-17,71.26,2.179,2.119
2024-10-18,69.78,2.14,2.076
2024-10-21,71.16,2.166,2.117
2024-10-22,72.84,2.218,2.169
2024-10-23,71.37,2.212,2.144
2024-10-24,70.58,2.202,2.137
2024-10-25,72.02,2.222,2.159
2024-10-28,67.65,2.135,2.058
2024-10-29,67.48,2.135,2.078
2024-10-30,68.91,2.194,2.125
2024-10-31,69.58,2.213,2.186
2024-11-01,69.81,2.232,2.152
2024-11-04,71.83,2.289,2.216
2024-11-05,72.26,2.293,2.213
2024-11-06,71.98,2.257,2.179
2024-11-07,72.69,2.267,2.186
2024-11-08,70.69,2.228,2.147
2024-11-11,,,
2024-11-12,68.43,2.194,2.124
2024-11-13,68.76,2.201,2.127
2024-11-14,68.99,2.197,2.121
2024-11-15,67.33,2.158,2.088
2024-11-18,69.46,2.242,2.174
2024-11-19,69.75,2.223,2.161
2024-11-20,69.25,2.217,2.155
2024-11-21,70.39,2.248,2.175
2024-11-22,71.68,2.256,2.2
2024-11-25,69.41,2.225,2.168
2024-11-26,69.05,2.219,2.171
2024-11-27,69.03,2.18,2.11
2024-11-28,,,
2024-11-29,68.26,2.165,2.095
2024-12-02,68.35,2.151,2.106
2024-12-03,70.15,2.184,2.139
2024-12-04,68.81,2.154,2.086
2024-12-05,68.58,2.143,2.076
2024-12-06,68.58,2.109,2.037
2024-12-09,68.65,2.16,2.091
2024-12-10,68.85,2.161,2.092
2024-12-11,70.57,2.207,2.136
2024-12-12,70.25,2.217,2.147
2024-12-13,71.54,2.248,2.175
2024-12-16,71.03,2.239,2.184
2024-12-17,70.31,2.209,2.156
2024-12-18,70.8,2.222,2.173
2024-12-19,70.1,2.206,2.144
2024-12-20,69.71,2.216,2.156
2024-12-23,69.5,2.215,2.155
2024-12-24,70.87,2.204,2.147
2024-12-26,70.38,2.184,2.127
2024-12-27,71.28,2.217,2.158
2024-12-30,71.73,2.284,2.225
2024-12-31,72.44,2.314,2.247
2025-01-02,73.79,2.352,2.285
2025-01-03,74.64,2.352,2.283
2025-01-06,74.31,2.358,2.283
2025-01-07,74.99,2.363,2.283
2025-01-08,73.99,2.356,2.276
2025-01-09,,,
2025-01-10,77.27,2.501,2.42
2025-01-13,79.57,2.527,2.452
2025-01-14,78.2,2.535,2.445
2025-01-15,80.73,2.624,2.528
2025-01-16,79.35,2.615,2.524
2025-01-17,78.56,2.629,2.517
2025-01-20,,,
2025-01-21,76.79,2.568,2.476
2025-01-22,76.12,2.496,2.454
2025-01-23,75.03,2.49,2.42
2025-01-24,74.97,2.529,2.439
2025-01-27,73.51,2.484,2.403
2025-01-28,74.15,2.47,2.389
2025-01-29,72.94,2.478,2.404
2025-01-30,73.1,2.508,2.356
2025-01-31,72.84,2.454,2.373
2025-02-03,73.52,2.456,2.381
2025-02-04,73.04,2.501,2.354
2025-02-05,71.39,2.441,2.32
2025-02-06,70.97,2.459,2.344
2025-02-07,71.32,2.496,2.384
2025-02-10,72.73,2.505,2.388
2025-02-11,73.67,2.568,2.45
2025-02-12,71.72,2.497,2.378
2025-02-13,71.66,2.7,2.369
2025-02-14,71.05,2.491,2.363
2025-02-17,,,
2025-02-18,72.21,2.477,2.35
2025-02-19,72.58,2.482,2.427
2025-02-20,72.88,2.511,2.456
2025-02-21,70.72,2.442,2.382
2025-02-24,71.06,2.457,2.344
2025-02-25,69.15,2.388,2.287
2025-02-26,68.87,2.344,2.251
2025-02-27,70.62,2.385,2.297
2025-02-28,69.97,2.352,2.29
2025-03-03,68.63,2.231,2.219
2025-03-04,68.47,2.302,2.207
2025-03-05,66.58,2.284,2.177
2025-03-06,66.62,2.259,2.152
2025-03-07,67.29,2.239,2.151
2025-03-10,66.31,2.191,2.116
2025-03-11,66.52,2.22,2.141
2025-03-12,67.65,2.215,2.14
2025-03-13,66.82,2.164,2.089
2025-03-14,67.43,2.172,2.098
2025-03-17,67.84,2.21,2.136
2025-03-18,67.49,2.205,2.13
2025-03-19,67.4,2.241,2.192
2025-03-20,68.55,2.259,2.171
2025-03-21,68.52,2.257,2.198
2025-03-24,69.46,2.266,2.208
2025-03-25,69.48,2.296,2.238
2025-03-26,70.05,2.299,2.249
2025-03-27,70.3,2.286,2.236
2025-03-28,69.74,2.268,2.21
2025-03-31,71.87,2.31,2.262
2025-04-01,71.61,2.298,2.238
2025-04-02,72.12,2.31,2.25
2025-04-03,67.43,2.186,2.128
2025-04-04,62.42,2.102,2.05
2025-04-07,61.05,2.082,2.027
2025-04-08,60.04,2.028,1.973
2025-04-09,62.63,2.122,2.049
2025-04-10,60.57,2.059,1.992
2025-04-11,61.91,2.074,1.998
2025-04-14,61.99,2.097,2.017
2025-04-15,61.74,2.092,2.007
2025-04-16,62.88,2.127,2.042
2025-04-17,65.07,2.153,2.063
2025-04-21,63.48,2.122,2.032
2025-04-22,64.6,2.148,2.098
2025-04-23,62.64,2.127,2.075
2025-04-24,63.55,2.144,2.097
2025-04-25,63.85,2.178,2.131
2025-04-28,63.3,2.175,2.136
2025-04-29,61.84,2.108,2.066
2025-04-30,59.55,2.027,1.975
2025-05-01,60.59,2.004,1.952
2025-05-02,59.67,2.005,1.951
2025-05-05,58.5,1.983,1.931
2025-05-06,60.42,2.007,1.95
2025-05-07,59.42,1.972,1.907
2025-05-08,61.25,2.054,1.991
2025-05-09,62.37,2.07,2.02
2025-05-12,63.32,2.112,2.052
2025-05-13,65.04,2.173,2.108
2025-05-14,64.48,2.198,2.133
2025-05-15,63.03,2.17,2.098
2025-05-16,63.84,2.138,2.057
2025-05-19,63.98,2.13,2.049
2025-05-20,63.97,2.136,2.056
2025-05-21,62.93,2.133,2.05
2025-05-22,62.55,2.107,2.052
2025-05-23,62.89,2.108,2.052
2025-05-27,61.61,2.082,1.997
2025-05-28,62.54,2.078,2.002
2025-05-29,61.66,2.044,1.967
2025-05-30,61.46,2.015,1.946
2025-06-02,63.27,2.061,1.997
2025-06-03,64.1,2.099,2.036
2025-06-04,63.57,2.068,2.004
2025-06-05,64.06,2.093,2.026
2025-06-06,65.3,2.129,2.064
2025-06-09,65.99,2.149,2.085
2025-06-10,65.66,2.14,2.075
2025-06-11,68.91,2.201,2.131
2025-06-12,68.73,2.223,2.133
2025-06-13,73.84,2.402,2.315
2025-06-16,72.53,2.398,2.31
2025-06-17,75.62,2.514,2.426
2025-06-18,75.89,2.558,2.468
2025-06-19,,,
2025-06-20,75.72,2.556,2.491
2025-06-23,69.36,2.34,2.272
2025-06-24,65.45,2.317,2.25
2025-06-25,65.98,2.318,2.247
2025-06-26,66.44,2.389,2.322
2025-06-27,66.66,2.297,2.229
2025-06-30,66.3,2.367,2.301
2025-07-01,66.64,2.342,2.282
2025-07-02,68.66,2.428,2.363
2025-07-03,68.13,2.382,2.319
2025-07-04,,,
2025-07-07,69.16,2.43,2.367
2025-07-08,69.55,2.456,2.39
2025-07-09,69.61,2.423,2.348
2025-07-10,67.78,2.405,2.33
2025-07-11,69.63,2.474,2.395
2025-07-14,68.19,2.396,2.311
2025-07-15,67.76,2.415,2.325
2025-07-16,67.13,2.407,2.317
2025-07-17,68.76,2.519,2.396
2025-07-18,68.53,2.504,2.406
2025-07-21,68.39,2.544,2.443
2025-07-22,67.56,2.503,2.402
2025-07-23,66.05,2.5,2.399
2025-07-24,67.16,2.459,2.354
2025-07-25,66.38,2.448,2.341
2025-07-28,67.81,2.484,2.347
2025-07-29,70.27,2.522,2.394
2025-07-30,71.09,2.477,2.342
2025-07-31,70.36,2.45,2.323
2025-08-01,68.39,2.339,2.212
2025-08-04,67.33,2.357,2.23
2025-08-05,66.2,2.3,2.173
2025-08-06,65.38,2.304,2.179
2025-08-07,64.9,2.311,2.188
2025-08-08,64.94,2.321,2.198
2025-08-11,65.03,2.34,2.217
2025-08-12,64.22,2.29,2.165
2025-08-13,63.68,2.292,2.167
2025-08-14,64.99,2.291,2.166
2025-08-15,63.78,2.28,2.157
2025-08-18,64.51,2.297,2.174
2025-08-19,63.38,2.307,2.184
2025-08-20,64.19,2.329,2.206
2025-08-21,64.56,2.375,2.252
2025-08-22,64.08,2.361,2.239
2025-08-25,65.18,2.4,2.275
2025-08-26,63.6,2.33,2.205
2025-08-27,64.49,2.333,2.204
2025-08-28,64.96,2.347,2.222
2025-08-29,64.36,2.322,2.195
2025-09-01,,,
2025-09-02,65.95,2.42,2.295
2025-09-03,64.36,2.407,2.284
2025-09-04,63.81,2.375,2.254
2025-09-05,62.22,2.341,2.222
2025-09-08,62.6,2.37,2.25
2025-09-09,62.97,2.371,2.251
2025-09-10,64.01,2.385,2.27
2025-09-11,62.71,2.327,2.214
2025-09-12,63.02,2.343,2.232
2025-09-15,63.66,2.383,2.271
2025-09-16,64.89,2.446,2.33
2025-09-17,64.41,2.401,2.286
2025-09-18,63.91,2.393,2.28
2025-09-19,63.02,2.352,2.242
2025-09-22,62.99,2.347,2.238
2025-09-23,63.76,2.388,2.276
2025-09-24,65.4,2.424,2.313
2025-09-25,65.51,2.478,2.365
2025-09-26,66.5,2.475,2.36
2025-09-29,64.27,2.392,2.282
2025-09-30,63.17,2.379,2.266
2025-10-01,62.59,2.351,2.24
2025-10-02,61.28,2.298,2.183
2025-10-03,61.65,2.289,2.175
2025-10-06,62.49,2.303,2.19
2025-10-07,62.52,2.327,2.214
2025-10-08,63.37,2.338,2.23
2025-10-09,62.36,2.325,2.217
2025-10-10,59.75,2.251,2.141
2025-10-13,,,
2025-10-14,59.52,2.25,2.138
2025-10-15,59.08,2.24,2.13
2025-10-16,58.29,2.206,2.096
2025-10-17,58.3,2.229,2.115
2025-10-20,58.34,2.238,2.096
2025-10-21,58.66,2.262,2.113
2025-10-22,59.3,2.331,2.179
2025-10-23,62.44,2.438,2.285
2025-10-24,62.27,2.447,2.297
2025-10-27,62.13,2.493,2.339
2025-10-28,60.97,2.418,2.268
2025-10-29,61.26,2.471,2.318
2025-10-30,61.36,2.475,2.318
2025-10-31,61.75,2.447,2.315
2025-11-03,61.79,2.456,2.324
2025-11-04,61.38,2.488,2.356
2025-11-05,60.4,2.48,2.338
2025-11-06,60.24,2.551,2.408
2025-11-07,60.54,2.533,2.391
2025-11-10,60.94,2.55,2.4
2025-11-11,,,
2025-11-12,59.3,2.529,2.372
2025-11-13,59.54,2.521,2.351
2025-11-14,60.87,2.586,2.418
2025-11-17,60.66,2.591,2.431
2025-11-18,61.51,2.743,2.583
2025-11-19,60.27,2.702,2.542
2025-11-20,60.07,2.575,2.455
2025-11-21,58.86,2.491,2.312
2025-11-24,59.11,2.468,2.318
2025-11-25,58.25,2.406,2.23
2025-11-26,58.81,2.376,2.178
2025-11-27,,,
2025-11-28,58.58,2.375,2.18
2025-12-01,59.47,2.394,2.219
2025-12-02,58.81,2.356,2.143
2025-12-03,59.09,2.35,2.14
2025-12-04,59.82,2.37,2.167
2025-12-05,60.23,2.418,2.21
2025-12-08,59.04,2.348,2.155
2025-12-09,58.4,2.316,2.116
2025-12-10,58.67,2.333,2.133
2025-12-11,57.76,2.292,2.09
2025-12-12,57.61,2.252,2.047
2025-12-15,56.97,2.229,2.024
2025-12-16,55.44,2.179,1.974
2025-12-17,56.07,2.225,2.022
2025-12-18,56.22,2.183,1.98
2025-12-19,56.8,2.176,1.971
2025-12-22,58.18,2.206,2.049
2025-12-23,58.55,2.245,2.083
2025-12-24,58.72,2.212,2.052
2025-12-26,56.6,2.142,1.982
2025-12-29,57.89,2.159,1.999
2025-12-30,57.79,2.183,2.031
2025-12-31,57.26,2.154,1.999
2026-01-02,57.21,2.12,1.965
2026-01-05,58.1,2.15,2.003
2026-01-06,56.97,2.105,1.958
2026-01-07,56.01,2.091,1.946
2026-01-08,57.74,2.167,2.03
2026-01-09,58.96,2.154,2.016
2026-01-12,59.39,2.181,2.043
2026-01-13,60.85,2.248,2.111
2026-01-14,61.84,2.237,2.097
2026-01-15,59.13,2.217,2.077
2026-01-16,59.4,2.239,2.099
2026-01-19,,,
2026-01-20,60.3,2.281,2.135
2026-01-21,60.38,2.334,2.209
2026-01-22,59.24,2.291,2.159
2026-01-23,60.7,2.335,2.2
2026-01-26,60.46,2.317,2.179
2026-01-27,62.04,2.368,2.216
2026-01-28,62.75,2.394,2.231
2026-01-29,64.77,2.453,2.27
2026-01-30,64.5,2.482,2.274
2026-02-02,61.6,2.287,2.08
2026-02-03,62.62,2.355,2.157
2026-02-04,64.56,2.372,2.142
2026-02-05,62.9,2.34,2.13
2026-02-06,63.77,2.351,2.128
2026-02-09,64.53,2.375,2.135
2026-02-10,64.2,2.358,2.138
2026-02-11,64.8,2.391,2.171
2026-02-12,63.08,2.325,2.105
2026-02-13,63.05,2.434,2.212
2026-02-16,,,
2026-02-17,62.53,2.44,2.23
2026-02-18,65.33,2.569,2.34
2026-02-19,66.66,2.657,2.495
2026-02-20,66.69,2.633,2.478
2026-02-23,66.36,2.743,2.57
2026-02-24,65.62,2.778,2.608
2026-02-25,65.3,2.727,2.567
2026-02-26,65.1,2.701,2.541
2026-02-27,66.96,2.686,2.513
2026-03-02,71.13,2.995,2.818
2026-03-03,74.48,3.224,3.046
2026-03-04,74.58,3.383,3.333
2026-03-05,80.88,3.521,3.471
2026-03-06,90.77,3.682,3.632
2026-03-09,94.65,3.358,3.218
2026-03-10,83.71,3.456,3.274
2026-03-11,86.8,3.801,3.619
2026-03-12,95.61,4.01,3.753
2026-03-13,98.48,4.049,3.829
2026-03-16,93.39,3.897,3.709
2026-03-17,96.01,4.063,3.876
2026-03-18,96.12,4.428,4.226
2026-03-19,96.11,4.377,4.175
2026-03-20,98.71,4.712,4.462
2026-03-23,89.33,4.187,4.132
2026-03-24,93.18,4.175,4.12
2026-03-25,91.51,4.076,4.001
2026-03-26,96.18,4.29,4.22
2026-03-27,101.26,4.605,4.59
2026-03-30,104.69,4.494,4.532
2026-03-31,102.86,4.223,4.26
2026-04-01,101.9,4.096,4.026
2026-04-02,113.23,4.509,4.507
2026-04-06,114.01,4.394,4.416
2026-04-07,114.58,4.358,4.38
2026-04-08,96.17,3.928,3.835
2026-04-09,99.62,3.981,3.888
2026-04-10,98.34,3.775,3.67
2026-04-13,100.72,3.838,3.733
2026-04-14,93.07,3.696,3.579
2026-04-15,93.04,3.79,3.692
2026-04-16,96.46,3.854,3.701
2026-04-17,85.91,3.483,3.346
2026-04-20,91.06,3.598,3.461
2026-04-21,93.64,3.847,3.787
2026-04-22,94.76,3.972,3.937
2026-04-23,99.27,4.08,4.03
2026-04-24,98.42,4.029,3.979
2026-04-27,99.89,4.014,3.944
2026-04-28,103.45,4.035,3.965
2026-04-29,110.47,4.264,4.206
2026-04-30,108.64,4.217,4.134
2026-05-01,105.38,4.016,3.944
2026-05-04,109.76,4.091,4.021
2026-05-05,105.66,4.114,4.039
2026-05-06,98.75,3.843,3.75
2026-05-07,98.38,3.926,3.833
2026-05-08,98.87,3.927,3.875
2026-05-11,101.56,4.051,3.961
2026-05-12,105.78,4.205,4.115
2026-05-13,104.52,4.04,3.895
2026-05-14,104.66,4.005,3.855
2026-05-15,108.99,4.163,3.973
2026-05-18,112.25,4.151,3.916
2026-05-19,112.09,4.288,4.068
2026-05-20,101.69,4.036,3.926
2026-05-21,100.2,3.974,3.869
2026-05-22,100.35,3.957,3.857
2026-05-26,97.63,3.777,3.694
2026-05-27,92.35,3.671,3.588
2026-05-28,92.65,3.62,3.575
2026-05-29,91.16,3.525,3.488
2026-06-01,95.96,3.656,3.634
2026-06-02,97.47,3.688,3.63
2026-06-03,99.76,3.851,3.804
2026-06-04,96.83,3.666,3.634
2026-06-05,94.32,3.597,3.542
2026-06-08,95.0,3.587,3.527
2026-06-09,91.9,3.526,3.468
2026-06-10,93.68,3.644,3.564
2026-06-11,91.58,3.47,3.39
2026-06-12,88.62,3.407,3.347
2026-06-15,84.65,3.278,3.218
2026-06-16,79.8,3.207,3.152
2026-06-17,80.65,3.172,3.097
2026-06-18,80.35,3.128,3.053
2026-06-19,,,
2026-06-22,78.94,3.094,3.074
2026-06-23,74.62,3.173,3.158
2026-06-24,71.42,3.158,3.143
2026-06-25,72.67,3.299,3.279
2026-06-26,70.3,3.219,3.199
2026-06-29,71.87,3.316,3.296
2026-06-30,70.56,3.286,3.293
2026-07-01,69.74,3.22,3.23
2026-07-02,69.73,3.189,3.204
2026-07-03,,,
2026-07-06,69.6,3.306,3.253
2026-07-07,71.53,3.37,3.305
2026-07-08,74.56,3.718,3.653
2026-07-09,73.15,3.582,3.5
2026-07-10,72.45,3.573,3.483
2026-07-13,79.2,3.866,3.778
2026-07-14,80.44,4.045,3.955
2026-07-15,80.73,3.993,3.914
2026-07-16,80.03,4.067,3.988
2026-07-17,83.43,4.088,4.019
2026-07-20,84.38,4.118,4.039
2026-07-21,86.04,4.139,4.151
2026-07-22,87.66,4.135,4.145
2026-07-23,93.08,4.36,4.37
2026-07-24,91.74,4.233,4.225
2026-07-27,84.25,4.103,4.105
2026-07-28,80.91,4.162,4.157
2026-07-29,86.08,4.425,4.39
2026-07-30,85.15,4.235,4.21
2026-07-31,86.16,4.161,4.134
2026-08-03,81.96,3.898,3.868
2026-08-04,77.33,3.757,3.722
2026-08-05,76.78,3.819,3.744
2026-08-06,78.88,3.965,3.89
2026-08-07,79.77,3.91,3.845
2026-08-10,83.76,4.212,4.147
2026-08-11,84.77,4.325,4.248
2026-08-12,84.97,4.345,4.285
2026-08-13,82.77,4.305,4.2
2026-08-14,83.99,4.332,4.219
2026-08-17,86.04,4.532,4.405
2026-08-18,86.48,4.55,4.422
2026-08-19,87.28,4.522,4.472
2026-08-20,89.75,4.568,4.518
2026-08-21,87.21,4.473,4.521
2026-08-24,86.34,4.268,4.298
2026-08-25,83.9,4.186,4.216
2026-08-26,83.46,4.231,4.243
2026-08-27,84.81,4.273,4.268
2026-08-28,84.57,4.351,4.346
2026-08-31,87.03,4.491,4.488
